solid OpenSCAD_Model
  facet normal 1 -0 0
    outer loop
      vertex 56.6667 0 1.4
      vertex 56.6667 34 0
      vertex 56.6667 34 1.4
    endloop
  endfacet
  facet normal 1 0 0
    outer loop
      vertex 56.6667 34 0
      vertex 56.6667 0 1.4
      vertex 56.6667 0 0
    endloop
  endfacet
  facet normal -0 0 1
    outer loop
      vertex 0 34 1.4
      vertex 56.6667 0 1.4
      vertex 56.6667 34 1.4
    endloop
  endfacet
  facet normal 0 0 1
    outer loop
      vertex 56.6667 0 1.4
      vertex 0 34 1.4
      vertex 0 0 1.4
    endloop
  endfacet
  facet normal 0 0 -1
    outer loop
      vertex 27.5017 32.6404 0
      vertex 56.6667 34 0
      vertex 56.6667 0 0
    endloop
  endfacet
  facet normal -0 0 -1
    outer loop
      vertex 56.6667 34 0
      vertex 27.5017 32.6404 0
      vertex 28.9533 34 0
    endloop
  endfacet
  facet normal 0 0 -1
    outer loop
      vertex 56.6667 0 0
      vertex 25.4889 30.9886 0
      vertex 27.5017 32.6404 0
    endloop
  endfacet
  facet normal 0 0 -1
    outer loop
      vertex 56.6667 0 0
      vertex 25.3918 30.9088 0
      vertex 25.4889 30.9886 0
    endloop
  endfacet
  facet normal 0 0 -1
    outer loop
      vertex 56.6667 0 0
      vertex 25.2896 30.8356 0
      vertex 25.3918 30.9088 0
    endloop
  endfacet
  facet normal 0 0 -1
    outer loop
      vertex 56.6667 0 0
      vertex 23.1731 29.319 0
      vertex 25.2896 30.8356 0
    endloop
  endfacet
  facet normal 0 0 -1
    outer loop
      vertex 56.6667 0 0
      vertex 23.0664 29.2526 0
      vertex 23.1731 29.319 0
    endloop
  endfacet
  facet normal 0 0 -1
    outer loop
      vertex 56.6667 0 0
      vertex 20.8553 27.8776 0
      vertex 23.0664 29.2526 0
    endloop
  endfacet
  facet normal 0 0 -1
    outer loop
      vertex 56.6667 0 0
      vertex 18.559 26.6502 0
      vertex 20.8553 27.8776 0
    endloop
  endfacet
  facet normal 0 0 -1
    outer loop
      vertex 56.6667 0 0
      vertex 18.4481 26.591 0
      vertex 18.559 26.6502 0
    endloop
  endfacet
  facet normal 0 0 -1
    outer loop
      vertex 56.6667 0 0
      vertex 18.3336 26.5391 0
      vertex 18.4481 26.591 0
    endloop
  endfacet
  facet normal 0 0 -1
    outer loop
      vertex 56.6667 0 0
      vertex 15.9619 25.4645 0
      vertex 18.3336 26.5391 0
    endloop
  endfacet
  facet normal 0 0 -1
    outer loop
      vertex 0 0 0
      vertex 15.9619 25.4645 0
      vertex 56.6667 0 0
    endloop
  endfacet
  facet normal 0 0 -1
    outer loop
      vertex 15.9619 25.4645 0
      vertex 0 0 0
      vertex 13.5251 24.5473 0
    endloop
  endfacet
  facet normal 0 0 -1
    outer loop
      vertex 13.5251 24.5473 0
      vertex 0 0 0
      vertex 13.4074 24.503 0
    endloop
  endfacet
  facet normal 0 0 -1
    outer loop
      vertex 13.4074 24.503 0
      vertex 0 0 0
      vertex 13.2871 24.4666 0
    endloop
  endfacet
  facet normal 0 0 -1
    outer loop
      vertex 13.2871 24.4666 0
      vertex 0 0 0
      vertex 10.7955 23.7107 0
    endloop
  endfacet
  facet normal 0 0 -1
    outer loop
      vertex 10.7955 23.7107 0
      vertex 0 0 0
      vertex 8.25975 23.1195 0
    endloop
  endfacet
  facet normal 0 0 -1
    outer loop
      vertex 8.25975 23.1195 0
      vertex 0 0 0
      vertex 8.13732 23.0909 0
    endloop
  endfacet
  facet normal 0 0 -1
    outer loop
      vertex 8.13732 23.0909 0
      vertex 0 0 0
      vertex 5.56835 22.6668 0
    endloop
  endfacet
  facet normal 0 0 -1
    outer loop
      vertex 5.56835 22.6668 0
      vertex 0 0 0
      vertex 5.44432 22.6463 0
    endloop
  endfacet
  facet normal 0 0 -1
    outer loop
      vertex 5.44432 22.6463 0
      vertex 0 0 0
      vertex 5.31921 22.634 0
    endloop
  endfacet
  facet normal 0 0 -1
    outer loop
      vertex 5.31921 22.634 0
      vertex 0 0 0
      vertex 2.728 22.3788 0
    endloop
  endfacet
  facet normal 0 0 -1
    outer loop
      vertex 2.728 22.3788 0
      vertex 0 0 0
      vertex 0.125643 22.2936 0
    endloop
  endfacet
  facet normal 0 0 -1
    outer loop
      vertex 0.125643 22.2936 0
      vertex 0 0 0
      vertex 0 22.2895 0
    endloop
  endfacet
  facet normal -1 0 0
    outer loop
      vertex 0 22.2895 0
      vertex 0 0 0
      vertex 0 22 1
    endloop
  endfacet
  facet normal -1 0 0
    outer loop
      vertex 0 22 1
      vertex 0 34 1.4
      vertex 0 34 1
    endloop
  endfacet
  facet normal -1 0 0
    outer loop
      vertex 0 22 1
      vertex 0 0 1.4
      vertex 0 34 1.4
    endloop
  endfacet
  facet normal -1 0 0
    outer loop
      vertex 0 0 1.4
      vertex 0 22 1
      vertex 0 0 0
    endloop
  endfacet
  facet normal 0 1 0
    outer loop
      vertex 56.6667 34 1.4
      vertex 29.3766 34 1
      vertex 0 34 1.4
    endloop
  endfacet
  facet normal 0 1 -0
    outer loop
      vertex 56.6667 34 0
      vertex 29.3766 34 1
      vertex 56.6667 34 1.4
    endloop
  endfacet
  facet normal 0 1 0
    outer loop
      vertex 29.3766 34 1
      vertex 56.6667 34 0
      vertex 28.9533 34 0
    endloop
  endfacet
  facet normal 0 1 0
    outer loop
      vertex 0 34 1.4
      vertex 29.3766 34 1
      vertex 0 34 1
    endloop
  endfacet
  facet normal 0 -1 0
    outer loop
      vertex 0 0 0
      vertex 56.6667 0 1.4
      vertex 0 0 1.4
    endloop
  endfacet
  facet normal 0 -1 -0
    outer loop
      vertex 56.6667 0 1.4
      vertex 0 0 0
      vertex 56.6667 0 0
    endloop
  endfacet
  facet normal 1 0 0
    outer loop
      vertex 125.333 34 1.8
      vertex 125.333 27.2457 1
      vertex 125.333 34 1
    endloop
  endfacet
  facet normal 1 0 -0
    outer loop
      vertex 125.333 27.2457 1
      vertex 125.333 34 1.8
      vertex 125.333 0 1.8
    endloop
  endfacet
  facet normal 1 0 0
    outer loop
      vertex 125.333 0 0
      vertex 125.333 27.2457 1
      vertex 125.333 0 1.8
    endloop
  endfacet
  facet normal 1 0 0
    outer loop
      vertex 125.333 27.2457 1
      vertex 125.333 0 0
      vertex 125.333 27.6174 0
    endloop
  endfacet
  facet normal -0 0 1
    outer loop
      vertex 68.6667 34 1.8
      vertex 125.333 0 1.8
      vertex 125.333 34 1.8
    endloop
  endfacet
  facet normal 0 0 1
    outer loop
      vertex 125.333 0 1.8
      vertex 68.6667 34 1.8
      vertex 68.6667 0 1.8
    endloop
  endfacet
  facet normal 0 0 -1
    outer loop
      vertex 125.333 0 0
      vertex 125.092 27.4674 0
      vertex 125.333 27.6174 0
    endloop
  endfacet
  facet normal 0 0 -1
    outer loop
      vertex 125.333 0 0
      vertex 122.768 26.2254 0
      vertex 125.092 27.4674 0
    endloop
  endfacet
  facet normal 0 0 -1
    outer loop
      vertex 125.333 0 0
      vertex 122.658 26.1661 0
      vertex 122.768 26.2254 0
    endloop
  endfacet
  facet normal 0 0 -1
    outer loop
      vertex 125.333 0 0
      vertex 122.543 26.1143 0
      vertex 122.658 26.1661 0
    endloop
  endfacet
  facet normal 0 0 -1
    outer loop
      vertex 125.333 0 0
      vertex 120.143 25.0269 0
      vertex 122.543 26.1143 0
    endloop
  endfacet
  facet normal 0 0 -1
    outer loop
      vertex 125.333 0 0
      vertex 117.677 24.0988 0
      vertex 120.143 25.0269 0
    endloop
  endfacet
  facet normal 0 0 -1
    outer loop
      vertex 125.333 0 0
      vertex 117.56 24.0545 0
      vertex 117.677 24.0988 0
    endloop
  endfacet
  facet normal 0 0 -1
    outer loop
      vertex 125.333 0 0
      vertex 115.038 23.2897 0
      vertex 117.56 24.0545 0
    endloop
  endfacet
  facet normal 0 0 -1
    outer loop
      vertex 125.333 0 0
      vertex 114.918 23.2532 0
      vertex 115.038 23.2897 0
    endloop
  endfacet
  facet normal 0 0 -1
    outer loop
      vertex 125.333 0 0
      vertex 112.352 22.6549 0
      vertex 114.918 23.2532 0
    endloop
  endfacet
  facet normal 0 0 -1
    outer loop
      vertex 125.333 0 0
      vertex 112.23 22.6263 0
      vertex 112.352 22.6549 0
    endloop
  endfacet
  facet normal 0 0 -1
    outer loop
      vertex 125.333 0 0
      vertex 112.106 22.6059 0
      vertex 112.23 22.6263 0
    endloop
  endfacet
  facet normal 0 0 -1
    outer loop
      vertex 125.333 0 0
      vertex 109.506 22.1767 0
      vertex 112.106 22.6059 0
    endloop
  endfacet
  facet normal 0 0 -1
    outer loop
      vertex 125.333 0 0
      vertex 106.884 21.9184 0
      vertex 109.506 22.1767 0
    endloop
  endfacet
  facet normal 0 0 -1
    outer loop
      vertex 125.333 0 0
      vertex 106.759 21.9061 0
      vertex 106.884 21.9184 0
    endloop
  endfacet
  facet normal 0 0 -1
    outer loop
      vertex 125.333 0 0
      vertex 106.633 21.902 0
      vertex 106.759 21.9061 0
    endloop
  endfacet
  facet normal 0 0 -1
    outer loop
      vertex 125.333 0 0
      vertex 104 21.8158 0
      vertex 106.633 21.902 0
    endloop
  endfacet
  facet normal 0 0 -1
    outer loop
      vertex 125.333 0 0
      vertex 101.367 21.902 0
      vertex 104 21.8158 0
    endloop
  endfacet
  facet normal 0 0 -1
    outer loop
      vertex 125.333 0 0
      vertex 101.241 21.9061 0
      vertex 101.367 21.902 0
    endloop
  endfacet
  facet normal 0 0 -1
    outer loop
      vertex 125.333 0 0
      vertex 101.116 21.9184 0
      vertex 101.241 21.9061 0
    endloop
  endfacet
  facet normal 0 0 -1
    outer loop
      vertex 125.333 0 0
      vertex 98.4939 22.1767 0
      vertex 101.116 21.9184 0
    endloop
  endfacet
  facet normal 0 0 -1
    outer loop
      vertex 68.6667 0 0
      vertex 98.4939 22.1767 0
      vertex 125.333 0 0
    endloop
  endfacet
  facet normal -0 0 -1
    outer loop
      vertex 98.4939 22.1767 0
      vertex 68.6667 0 0
      vertex 95.8943 22.6059 0
    endloop
  endfacet
  facet normal -0 0 -1
    outer loop
      vertex 95.8943 22.6059 0
      vertex 68.6667 0 0
      vertex 95.7703 22.6263 0
    endloop
  endfacet
  facet normal -0 0 -1
    outer loop
      vertex 95.7703 22.6263 0
      vertex 68.6667 0 0
      vertex 95.6478 22.6549 0
    endloop
  endfacet
  facet normal -0 0 -1
    outer loop
      vertex 95.6478 22.6549 0
      vertex 68.6667 0 0
      vertex 93.0819 23.2532 0
    endloop
  endfacet
  facet normal -0 0 -1
    outer loop
      vertex 93.0819 23.2532 0
      vertex 68.6667 0 0
      vertex 92.9616 23.2897 0
    endloop
  endfacet
  facet normal -0 0 -1
    outer loop
      vertex 92.9616 23.2897 0
      vertex 68.6667 0 0
      vertex 90.4403 24.0545 0
    endloop
  endfacet
  facet normal -0 0 -1
    outer loop
      vertex 90.4403 24.0545 0
      vertex 68.6667 0 0
      vertex 90.3227 24.0988 0
    endloop
  endfacet
  facet normal -0 0 -1
    outer loop
      vertex 90.3227 24.0988 0
      vertex 68.6667 0 0
      vertex 87.8568 25.0269 0
    endloop
  endfacet
  facet normal -0 0 -1
    outer loop
      vertex 87.8568 25.0269 0
      vertex 68.6667 0 0
      vertex 85.4569 26.1143 0
    endloop
  endfacet
  facet normal -0 0 -1
    outer loop
      vertex 85.4569 26.1143 0
      vertex 68.6667 0 0
      vertex 85.3424 26.1661 0
    endloop
  endfacet
  facet normal -0 0 -1
    outer loop
      vertex 85.3424 26.1661 0
      vertex 68.6667 0 0
      vertex 85.2315 26.2254 0
    endloop
  endfacet
  facet normal -0 0 -1
    outer loop
      vertex 85.2315 26.2254 0
      vertex 68.6667 0 0
      vertex 82.9079 27.4674 0
    endloop
  endfacet
  facet normal -0 0 -1
    outer loop
      vertex 82.9079 27.4674 0
      vertex 68.6667 0 0
      vertex 80.6705 28.8587 0
    endloop
  endfacet
  facet normal 0 0 -1
    outer loop
      vertex 68.6667 0 0
      vertex 78.4221 30.4598 0
      vertex 80.5637 28.9251 0
    endloop
  endfacet
  facet normal 0 0 -1
    outer loop
      vertex 68.6667 34 0
      vertex 76.2832 32.2045 0
      vertex 78.3199 30.533 0
    endloop
  endfacet
  facet normal -0 0 -1
    outer loop
      vertex 80.6705 28.8587 0
      vertex 68.6667 0 0
      vertex 80.5637 28.9251 0
    endloop
  endfacet
  facet normal -0 0 -1
    outer loop
      vertex 78.4221 30.4598 0
      vertex 68.6667 0 0
      vertex 78.3199 30.533 0
    endloop
  endfacet
  facet normal 0 0 -1
    outer loop
      vertex 68.6667 34 0
      vertex 78.3199 30.533 0
      vertex 68.6667 0 0
    endloop
  endfacet
  facet normal 0 0 -1
    outer loop
      vertex 76.2832 32.2045 0
      vertex 68.6667 34 0
      vertex 76.186 32.2842 0
    endloop
  endfacet
  facet normal 0 0 -1
    outer loop
      vertex 76.186 32.2842 0
      vertex 68.6667 34 0
      vertex 74.3541 34 0
    endloop
  endfacet
  facet normal -1 0 0
    outer loop
      vertex 68.6667 0 0
      vertex 68.6667 34 1.8
      vertex 68.6667 34 0
    endloop
  endfacet
  facet normal -1 -0 0
    outer loop
      vertex 68.6667 34 1.8
      vertex 68.6667 0 0
      vertex 68.6667 0 1.8
    endloop
  endfacet
  facet normal 0 1 0
    outer loop
      vertex 73.8992 34 1
      vertex 125.333 34 1.8
      vertex 125.333 34 1
    endloop
  endfacet
  facet normal 0 1 0
    outer loop
      vertex 125.333 34 1.8
      vertex 73.8992 34 1
      vertex 68.6667 34 1.8
    endloop
  endfacet
  facet normal 0 1 0
    outer loop
      vertex 68.6667 34 0
      vertex 73.8992 34 1
      vertex 73.9706 34 0.834822
    endloop
  endfacet
  facet normal 0 1 0
    outer loop
      vertex 68.6667 34 0
      vertex 73.9706 34 0.834822
      vertex 74 34 0.766951
    endloop
  endfacet
  facet normal 0 1 0
    outer loop
      vertex 68.6667 34 0
      vertex 74 34 0.766951
      vertex 74.0673 34 0.621154
    endloop
  endfacet
  facet normal 0 1 0
    outer loop
      vertex 68.6667 34 0
      vertex 74.0673 34 0.621154
      vertex 74.3541 34 0
    endloop
  endfacet
  facet normal 0 1 0
    outer loop
      vertex 73.8992 34 1
      vertex 68.6667 34 0
      vertex 68.6667 34 1.8
    endloop
  endfacet
  facet normal 0 -1 0
    outer loop
      vertex 68.6667 0 0
      vertex 125.333 0 1.8
      vertex 68.6667 0 1.8
    endloop
  endfacet
  facet normal 0 -1 -0
    outer loop
      vertex 125.333 0 1.8
      vertex 68.6667 0 0
      vertex 125.333 0 0
    endloop
  endfacet
  facet normal 1 0 0
    outer loop
      vertex 194 34 2.2
      vertex 194 23.349 1
      vertex 194 34 1
    endloop
  endfacet
  facet normal 1 0 -0
    outer loop
      vertex 194 23.349 1
      vertex 194 34 2.2
      vertex 194 0 2.2
    endloop
  endfacet
  facet normal 1 0 0
    outer loop
      vertex 194 0 0
      vertex 194 23.349 1
      vertex 194 0 2.2
    endloop
  endfacet
  facet normal 1 0 0
    outer loop
      vertex 194 23.349 1
      vertex 194 0 0
      vertex 194 23.7144 0
    endloop
  endfacet
  facet normal -0 0 1
    outer loop
      vertex 137.333 34 2.2
      vertex 194 0 2.2
      vertex 194 34 2.2
    endloop
  endfacet
  facet normal 0 0 1
    outer loop
      vertex 194 0 2.2
      vertex 137.333 34 2.2
      vertex 137.333 0 2.2
    endloop
  endfacet
  facet normal 0 0 -1
    outer loop
      vertex 194 0 0
      vertex 191.676 24.5892 0
      vertex 194 23.7144 0
    endloop
  endfacet
  facet normal 0 0 -1
    outer loop
      vertex 194 0 0
      vertex 189.247 25.6894 0
      vertex 191.676 24.5892 0
    endloop
  endfacet
  facet normal 0 0 -1
    outer loop
      vertex 194 0 0
      vertex 189.133 25.7413 0
      vertex 189.247 25.6894 0
    endloop
  endfacet
  facet normal 0 0 -1
    outer loop
      vertex 194 0 0
      vertex 189.022 25.8006 0
      vertex 189.133 25.7413 0
    endloop
  endfacet
  facet normal 0 0 -1
    outer loop
      vertex 194 0 0
      vertex 186.671 27.0572 0
      vertex 189.022 25.8006 0
    endloop
  endfacet
  facet normal 0 0 -1
    outer loop
      vertex 194 0 0
      vertex 184.407 28.4649 0
      vertex 186.671 27.0572 0
    endloop
  endfacet
  facet normal 0 0 -1
    outer loop
      vertex 194 0 0
      vertex 184.301 28.5313 0
      vertex 184.407 28.4649 0
    endloop
  endfacet
  facet normal 0 0 -1
    outer loop
      vertex 194 0 0
      vertex 184.198 28.6045 0
      vertex 184.301 28.5313 0
    endloop
  endfacet
  facet normal 0 0 -1
    outer loop
      vertex 194 0 0
      vertex 182.032 30.1572 0
      vertex 184.198 28.6045 0
    endloop
  endfacet
  facet normal 0 0 -1
    outer loop
      vertex 137.333 0 0
      vertex 182.032 30.1572 0
      vertex 194 0 0
    endloop
  endfacet
  facet normal -0 0 -1
    outer loop
      vertex 182.032 30.1572 0
      vertex 137.333 0 0
      vertex 179.971 31.8483 0
    endloop
  endfacet
  facet normal -0 0 -1
    outer loop
      vertex 179.971 31.8483 0
      vertex 137.333 0 0
      vertex 179.874 31.9281 0
    endloop
  endfacet
  facet normal -0 0 -1
    outer loop
      vertex 179.874 31.9281 0
      vertex 137.333 0 0
      vertex 177.928 33.7504 0
    endloop
  endfacet
  facet normal -0 0 -1
    outer loop
      vertex 177.928 33.7504 0
      vertex 137.333 0 0
      vertex 177.836 33.8363 0
    endloop
  endfacet
  facet normal -0 0 -1
    outer loop
      vertex 177.836 33.8363 0
      vertex 137.333 0 0
      vertex 177.75 33.9281 0
    endloop
  endfacet
  facet normal -0 0 -1
    outer loop
      vertex 177.75 33.9281 0
      vertex 137.333 0 0
      vertex 177.683 34 0
    endloop
  endfacet
  facet normal -0 0 -1
    outer loop
      vertex 177.683 34 0
      vertex 137.333 0 0
      vertex 137.333 34 0
    endloop
  endfacet
  facet normal -1 0 0
    outer loop
      vertex 137.333 0 0
      vertex 137.333 34 2.2
      vertex 137.333 34 0
    endloop
  endfacet
  facet normal -1 -0 0
    outer loop
      vertex 137.333 34 2.2
      vertex 137.333 0 0
      vertex 137.333 0 2.2
    endloop
  endfacet
  facet normal 0 1 0
    outer loop
      vertex 177.215 34 1
      vertex 194 34 2.2
      vertex 194 34 1
    endloop
  endfacet
  facet normal 0 1 0
    outer loop
      vertex 194 34 2.2
      vertex 177.215 34 1
      vertex 137.333 34 2.2
    endloop
  endfacet
  facet normal 0 1 0
    outer loop
      vertex 137.333 34 0
      vertex 177.215 34 1
      vertex 177.683 34 0
    endloop
  endfacet
  facet normal 0 1 0
    outer loop
      vertex 177.215 34 1
      vertex 137.333 34 0
      vertex 137.333 34 2.2
    endloop
  endfacet
  facet normal 0 -1 0
    outer loop
      vertex 137.333 0 0
      vertex 194 0 2.2
      vertex 137.333 0 2.2
    endloop
  endfacet
  facet normal 0 -1 -0
    outer loop
      vertex 194 0 2.2
      vertex 137.333 0 0
      vertex 194 0 0
    endloop
  endfacet
  facet normal 0.93551 -0.218132 -0.277921
    outer loop
      vertex 40.5689 53.1296 1
      vertex 35.2563 54.5531 -18
      vertex 41.193 55.8062 1
    endloop
  endfacet
  facet normal 0.960091 -0.0314105 -0.277919
    outer loop
      vertex 41.9101 61.2531 1
      vertex 36.4219 61.6128 -18
      vertex 36.5 64 -18
    endloop
  endfacet
  facet normal 0.609387 -0.742569 -0.277919
    outer loop
      vertex 25.4889 30.9886 0
      vertex 24.0661 36.5578 -18
      vertex 27.5017 32.6404 0
    endloop
  endfacet
  facet normal 0.815742 -0.50727 -0.277923
    outer loop
      vertex 34.9217 40.666 1
      vertex 31.6099 45.75 -18
      vertex 36.3731 43 1
    endloop
  endfacet
  facet normal 0.96009 0.0314216 -0.277921
    outer loop
      vertex 42 64 1
      vertex 36.5 64 -18
      vertex 41.9101 66.7469 1
    endloop
  endfacet
  facet normal 0.960091 0.0314105 -0.277919
    outer loop
      vertex 36.5 64 -18
      vertex 36.4219 66.3872 -18
      vertex 41.9101 66.7469 1
    endloop
  endfacet
  facet normal 0.218098 0.935516 -0.277925
    outer loop
      vertex 9.44689 99.2563 -18
      vertex 8.19379 105.193 1
      vertex 10.8704 104.569 1
    endloop
  endfacet
  facet normal -0.45284 0.847165 -0.277933
    outer loop
      vertex -18.25 95.6099 -18
      vertex -18.5761 101.669 1
      vertex -16.1435 96.7359 -18
    endloop
  endfacet
  facet normal -0.847168 0.452842 -0.277921
    outer loop
      vertex -32.7359 80.1435 -18
      vertex -37.6687 82.5761 1
      vertex -31.6099 82.25 -18
    endloop
  endfacet
  facet normal -0.0312092 -0.96009 -0.277946
    outer loop
      vertex -2.38721 27.5781 -18
      vertex 0 22.2895 0
      vertex 0 22 1
    endloop
  endfacet
  facet normal -0.0314103 -0.960091 -0.27792
    outer loop
      vertex 0 22.2895 0
      vertex -2.38721 27.5781 -18
      vertex 0 27.5 -18
    endloop
  endfacet
  facet normal 0.278837 -0.919245 -0.277917
    outer loop
      vertex 11.7325 29.437 -18
      vertex 13.2871 24.4666 0
      vertex 9.44689 28.7437 -18
    endloop
  endfacet
  facet normal 0.278201 -0.919439 -0.277915
    outer loop
      vertex 13.2871 24.4666 0
      vertex 11.7325 29.437 -18
      vertex 13.4074 24.503 0
    endloop
  endfacet
  facet normal -0.780829 0.559523 -0.27792
    outer loop
      vertex -30.3486 84.2783 -18
      vertex -34.9217 87.3339 1
      vertex -33.3208 89.568 1
    endloop
  endfacet
  facet normal 0.780835 -0.559515 -0.277919
    outer loop
      vertex 33.3208 38.432 1
      vertex 28.9574 41.7802 -18
      vertex 30.3486 43.7217 -18
    endloop
  endfacet
  facet normal 0.278876 -0.919232 -0.277922
    outer loop
      vertex 10.7955 23.7107 0
      vertex 9.44689 28.7437 -18
      vertex 13.2871 24.4666 0
    endloop
  endfacet
  facet normal 0.452826 -0.847176 -0.277924
    outer loop
      vertex 18.559 26.6502 0
      vertex 18.25 32.3901 -18
      vertex 20.8553 27.8776 0
    endloop
  endfacet
  facet normal 0.50727 -0.815743 -0.277923
    outer loop
      vertex 20.2783 33.6514 -18
      vertex 23.0664 29.2526 0
      vertex 18.25 32.3901 -18
    endloop
  endfacet
  facet normal 0.507537 -0.815576 -0.277923
    outer loop
      vertex 23.0664 29.2526 0
      vertex 20.2783 33.6514 -18
      vertex 23.1731 29.319 0
    endloop
  endfacet
  facet normal -0.919244 -0.278838 -0.277921
    outer loop
      vertex -39.7711 50.4995 1
      vertex -40.5689 53.1296 1
      vertex -35.2563 54.5531 -18
    endloop
  endfacet
  facet normal -0.899025 0.338401 -0.27792
    outer loop
      vertex -33.7216 77.9679 -18
      vertex -39.7711 77.5005 1
      vertex -38.8029 80.0727 1
    endloop
  endfacet
  facet normal 0.87499 0.396426 -0.27792
    outer loop
      vertex 38.8029 80.0727 1
      vertex 33.7216 77.9679 -18
      vertex 37.6687 82.5761 1
    endloop
  endfacet
  facet normal -0.218143 -0.935508 -0.27792
    outer loop
      vertex -8.19379 22.807 1
      vertex -9.44689 28.7437 -18
      vertex -7.1208 28.2013 -18
    endloop
  endfacet
  facet normal -0.278902 0.919223 -0.277925
    outer loop
      vertex -9.44689 99.2563 -18
      vertex -13.5005 103.771 1
      vertex -10.8704 104.569 1
    endloop
  endfacet
  facet normal 0.955979 0.0941579 -0.277919
    outer loop
      vertex 41.9101 66.7469 1
      vertex 36.4219 66.3872 -18
      vertex 41.6407 69.4821 1
    endloop
  endfacet
  facet normal 0.609396 -0.74256 -0.277922
    outer loop
      vertex 24.0661 36.5578 -18
      vertex 25.3918 30.9088 0
      vertex 22.2198 35.0426 -18
    endloop
  endfacet
  facet normal 0.609928 -0.742156 -0.277834
    outer loop
      vertex 25.3918 30.9088 0
      vertex 24.0661 36.5578 -18
      vertex 25.4889 30.9886 0
    endloop
  endfacet
  facet normal 0.559515 -0.780835 -0.277921
    outer loop
      vertex 22.2198 35.0426 -18
      vertex 25.2896 30.8356 0
      vertex 20.2783 33.6514 -18
    endloop
  endfacet
  facet normal 0.559351 -0.780952 -0.27792
    outer loop
      vertex 25.2896 30.8356 0
      vertex 22.2198 35.0426 -18
      vertex 25.3918 30.9088 0
    endloop
  endfacet
  facet normal -0.701106 -0.656666 -0.277922
    outer loop
      vertex -25.8094 38.1906 -18
      vertex -29.6985 34.3015 1
      vertex -27.4422 39.9339 -18
    endloop
  endfacet
  facet normal 0.947774 -0.156477 -0.27792
    outer loop
      vertex 41.193 55.8062 1
      vertex 35.7987 56.8792 -18
      vertex 41.6407 58.5179 1
    endloop
  endfacet
  facet normal -0.955979 -0.0941579 -0.277919
    outer loop
      vertex -41.6407 58.5179 1
      vertex -41.9101 61.2531 1
      vertex -36.4219 61.6128 -18
    endloop
  endfacet
  facet normal 0.935508 -0.218142 -0.27792
    outer loop
      vertex 41.193 55.8062 1
      vertex 35.2563 54.5531 -18
      vertex 35.7987 56.8792 -18
    endloop
  endfacet
  facet normal 0.742561 -0.609396 -0.27792
    outer loop
      vertex 33.3208 38.432 1
      vertex 27.4422 39.9339 -18
      vertex 28.9574 41.7802 -18
    endloop
  endfacet
  facet normal 0.507246 0.815759 -0.277919
    outer loop
      vertex 23.334 98.9217 1
      vertex 18.25 95.6099 -18
      vertex 21 100.373 1
    endloop
  endfacet
  facet normal -0.955974 0.0941898 -0.277924
    outer loop
      vertex -36.4219 66.3872 -18
      vertex -41.6407 69.4821 1
      vertex -36.1877 68.7642 -18
    endloop
  endfacet
  facet normal 0.899025 -0.338401 -0.27792
    outer loop
      vertex 38.8029 47.9273 1
      vertex 33.7216 50.0321 -18
      vertex 39.7711 50.4995 1
    endloop
  endfacet
  facet normal -0.919244 -0.278838 -0.277921
    outer loop
      vertex -34.563 52.2675 -18
      vertex -39.7711 50.4995 1
      vertex -35.2563 54.5531 -18
    endloop
  endfacet
  facet normal 0.156464 -0.947776 -0.27792
    outer loop
      vertex 8.13732 23.0909 0
      vertex 5.56835 22.6668 0
      vertex 7.1208 28.2013 -18
    endloop
  endfacet
  facet normal 0.935508 0.218142 -0.27792
    outer loop
      vertex 35.7987 71.1208 -18
      vertex 35.2563 73.4469 -18
      vertex 41.193 72.1938 1
    endloop
  endfacet
  facet normal 0.656669 -0.701104 -0.27792
    outer loop
      vertex 27.5017 32.6404 0
      vertex 24.0661 36.5578 -18
      vertex 28.9533 34 0
    endloop
  endfacet
  facet normal 0.656662 -0.701093 -0.277965
    outer loop
      vertex 28.9533 34 0
      vertex 29.6985 34.3015 1
      vertex 29.3766 34 1
    endloop
  endfacet
  facet normal 0.656617 -0.701155 -0.277913
    outer loop
      vertex 29.6985 34.3015 1
      vertex 28.9533 34 0
      vertex 24.0661 36.5578 -18
    endloop
  endfacet
  facet normal -0.218143 0.935508 -0.27792
    outer loop
      vertex -7.1208 99.7987 -18
      vertex -9.44689 99.2563 -18
      vertex -8.19379 105.193 1
    endloop
  endfacet
  facet normal 0.0941514 -0.95598 -0.277917
    outer loop
      vertex 2.728 22.3788 0
      vertex 2.38721 27.5781 -18
      vertex 5.31921 22.634 0
    endloop
  endfacet
  facet normal -0.609394 -0.742563 -0.27792
    outer loop
      vertex -25.568 30.6792 1
      vertex -27.6925 32.4227 1
      vertex -24.0661 36.5578 -18
    endloop
  endfacet
  facet normal -0.815743 0.507271 -0.277921
    outer loop
      vertex -31.6099 82.25 -18
      vertex -34.9217 87.3339 1
      vertex -30.3486 84.2783 -18
    endloop
  endfacet
  facet normal 0.955974 -0.0941898 -0.277924
    outer loop
      vertex 41.6407 58.5179 1
      vertex 36.1877 59.2358 -18
      vertex 36.4219 61.6128 -18
    endloop
  endfacet
  facet normal -0.96009 0.0314216 -0.277921
    outer loop
      vertex -36.5 64 -18
      vertex -42 64 1
      vertex -41.9101 66.7469 1
    endloop
  endfacet
  facet normal -0.338392 -0.899028 -0.277921
    outer loop
      vertex -13.5005 24.2289 1
      vertex -13.9679 30.2784 -18
      vertex -11.7325 29.437 -18
    endloop
  endfacet
  facet normal 0.656666 -0.701106 -0.277922
    outer loop
      vertex 29.6985 34.3015 1
      vertex 24.0661 36.5578 -18
      vertex 25.8094 38.1906 -18
    endloop
  endfacet
  facet normal 0.701115 -0.656657 -0.27792
    outer loop
      vertex 29.6985 34.3015 1
      vertex 27.4422 39.9339 -18
      vertex 31.5773 36.3075 1
    endloop
  endfacet
  facet normal -0.218098 0.935516 -0.277925
    outer loop
      vertex -9.44689 99.2563 -18
      vertex -10.8704 104.569 1
      vertex -8.19379 105.193 1
    endloop
  endfacet
  facet normal -0.935508 0.218142 -0.27792
    outer loop
      vertex -35.7987 71.1208 -18
      vertex -41.193 72.1938 1
      vertex -35.2563 73.4469 -18
    endloop
  endfacet
  facet normal 0.396431 -0.874988 -0.277919
    outer loop
      vertex 16.1435 31.2641 -18
      vertex 18.3336 26.5391 0
      vertex 13.9679 30.2784 -18
    endloop
  endfacet
  facet normal 0.39658 -0.87492 -0.277919
    outer loop
      vertex 18.3336 26.5391 0
      vertex 16.1435 31.2641 -18
      vertex 18.4481 26.591 0
    endloop
  endfacet
  facet normal -0.899028 0.338392 -0.277921
    outer loop
      vertex -34.563 75.7325 -18
      vertex -39.7711 77.5005 1
      vertex -33.7216 77.9679 -18
    endloop
  endfacet
  facet normal -0.278837 0.919245 -0.277917
    outer loop
      vertex -11.7325 98.563 -18
      vertex -13.5005 103.771 1
      vertex -9.44689 99.2563 -18
    endloop
  endfacet
  facet normal -0.947774 0.156477 -0.27792
    outer loop
      vertex -35.7987 71.1208 -18
      vertex -41.6407 69.4821 1
      vertex -41.193 72.1938 1
    endloop
  endfacet
  facet normal 0.947778 -0.156448 -0.277923
    outer loop
      vertex 41.6407 58.5179 1
      vertex 35.7987 56.8792 -18
      vertex 36.1877 59.2358 -18
    endloop
  endfacet
  facet normal 0.559515 -0.780835 -0.277921
    outer loop
      vertex 23.1731 29.319 0
      vertex 20.2783 33.6514 -18
      vertex 25.2896 30.8356 0
    endloop
  endfacet
  facet normal 0.874987 -0.396431 -0.277921
    outer loop
      vertex 37.6687 45.4239 1
      vertex 32.7359 47.8565 -18
      vertex 33.7216 50.0321 -18
    endloop
  endfacet
  facet normal 0.919244 0.278838 -0.277921
    outer loop
      vertex 40.5689 74.8704 1
      vertex 35.2563 73.4469 -18
      vertex 39.7711 77.5005 1
    endloop
  endfacet
  facet normal -0.396426 -0.87499 -0.27792
    outer loop
      vertex -16.0727 25.1971 1
      vertex -18.5761 26.3313 1
      vertex -13.9679 30.2784 -18
    endloop
  endfacet
  facet normal 0.742563 -0.609394 -0.27792
    outer loop
      vertex 31.5773 36.3075 1
      vertex 27.4422 39.9339 -18
      vertex 33.3208 38.432 1
    endloop
  endfacet
  facet normal -0.452842 -0.847168 -0.277921
    outer loop
      vertex -16.1435 31.2641 -18
      vertex -18.5761 26.3313 1
      vertex -18.25 32.3901 -18
    endloop
  endfacet
  facet normal -0.156566 0.947759 -0.277922
    outer loop
      vertex -4.76421 100.188 -18
      vertex -7.1208 99.7987 -18
      vertex -5.4821 105.641 1
    endloop
  endfacet
  facet normal 0.452842 -0.847169 -0.277918
    outer loop
      vertex 18.25 32.3901 -18
      vertex 18.4481 26.591 0
      vertex 16.1435 31.2641 -18
    endloop
  endfacet
  facet normal 0.452357 -0.847405 -0.277989
    outer loop
      vertex 18.4481 26.591 0
      vertex 18.25 32.3901 -18
      vertex 18.559 26.6502 0
    endloop
  endfacet
  facet normal -0.919244 0.278838 -0.277921
    outer loop
      vertex -35.2563 73.4469 -18
      vertex -39.7711 77.5005 1
      vertex -34.563 75.7325 -18
    endloop
  endfacet
  facet normal -0.507246 0.815759 -0.277919
    outer loop
      vertex -18.25 95.6099 -18
      vertex -23.334 98.9217 1
      vertex -21 100.373 1
    endloop
  endfacet
  facet normal 0.955979 -0.0941579 -0.277919
    outer loop
      vertex 41.6407 58.5179 1
      vertex 36.4219 61.6128 -18
      vertex 41.9101 61.2531 1
    endloop
  endfacet
  facet normal 0.96009 -0.0314216 -0.277921
    outer loop
      vertex 41.9101 61.2531 1
      vertex 36.5 64 -18
      vertex 42 64 1
    endloop
  endfacet
  facet normal 0.218111 -0.935514 -0.277922
    outer loop
      vertex 10.7955 23.7107 0
      vertex 8.25975 23.1195 0
      vertex 9.44689 28.7437 -18
    endloop
  endfacet
  facet normal 0.701115 0.656657 -0.27792
    outer loop
      vertex 31.5773 91.6925 1
      vertex 27.4422 88.0661 -18
      vertex 29.6985 93.6985 1
    endloop
  endfacet
  facet normal 0.947774 0.156477 -0.27792
    outer loop
      vertex 41.6407 69.4821 1
      vertex 35.7987 71.1208 -18
      vertex 41.193 72.1938 1
    endloop
  endfacet
  facet normal 0.0940207 0.955994 -0.277911
    outer loop
      vertex 5.4821 105.641 1
      vertex 2.38721 100.422 -18
      vertex 2.74693 105.91 1
    endloop
  endfacet
  facet normal 0.278902 0.919223 -0.277925
    outer loop
      vertex 13.5005 103.771 1
      vertex 9.44689 99.2563 -18
      vertex 10.8704 104.569 1
    endloop
  endfacet
  facet normal -0.955979 0.0941579 -0.277919
    outer loop
      vertex -36.4219 66.3872 -18
      vertex -41.9101 66.7469 1
      vertex -41.6407 69.4821 1
    endloop
  endfacet
  facet normal -0.899025 -0.338401 -0.27792
    outer loop
      vertex -38.8029 47.9273 1
      vertex -39.7711 50.4995 1
      vertex -33.7216 50.0321 -18
    endloop
  endfacet
  facet normal -0.742563 -0.609394 -0.27792
    outer loop
      vertex -31.5773 36.3075 1
      vertex -33.3208 38.432 1
      vertex -27.4422 39.9339 -18
    endloop
  endfacet
  facet normal -0.742563 0.609394 -0.27792
    outer loop
      vertex -27.4422 88.0661 -18
      vertex -33.3208 89.568 1
      vertex -31.5773 91.6925 1
    endloop
  endfacet
  facet normal 0.218517 -0.935421 -0.277917
    outer loop
      vertex 7.1208 28.2013 -18
      vertex 8.25975 23.1195 0
      vertex 8.13732 23.0909 0
    endloop
  endfacet
  facet normal 0.218143 -0.935508 -0.277918
    outer loop
      vertex 8.25975 23.1195 0
      vertex 7.1208 28.2013 -18
      vertex 9.44689 28.7437 -18
    endloop
  endfacet
  facet normal -0.947778 -0.156448 -0.277923
    outer loop
      vertex -35.7987 56.8792 -18
      vertex -41.6407 58.5179 1
      vertex -36.1877 59.2358 -18
    endloop
  endfacet
  facet normal 0.156579 0.947757 -0.277921
    outer loop
      vertex 7.1208 99.7987 -18
      vertex 5.4821 105.641 1
      vertex 8.19379 105.193 1
    endloop
  endfacet
  facet normal -0.899028 -0.338392 -0.277921
    outer loop
      vertex -33.7216 50.0321 -18
      vertex -39.7711 50.4995 1
      vertex -34.563 52.2675 -18
    endloop
  endfacet
  facet normal 0.701106 -0.656666 -0.277922
    outer loop
      vertex 29.6985 34.3015 1
      vertex 25.8094 38.1906 -18
      vertex 27.4422 39.9339 -18
    endloop
  endfacet
  facet normal -0.0941589 -0.955978 -0.27792
    outer loop
      vertex -2.74693 22.0899 1
      vertex -5.4821 22.3593 1
      vertex -2.38721 27.5781 -18
    endloop
  endfacet
  facet normal -0.338401 -0.899025 -0.27792
    outer loop
      vertex -13.5005 24.2289 1
      vertex -16.0727 25.1971 1
      vertex -13.9679 30.2784 -18
    endloop
  endfacet
  facet normal 0.899028 -0.338392 -0.277921
    outer loop
      vertex 39.7711 50.4995 1
      vertex 33.7216 50.0321 -18
      vertex 34.563 52.2675 -18
    endloop
  endfacet
  facet normal 0.396447 -0.87498 -0.277921
    outer loop
      vertex 15.9619 25.4645 0
      vertex 13.9679 30.2784 -18
      vertex 18.3336 26.5391 0
    endloop
  endfacet
  facet normal -0.609394 0.742563 -0.27792
    outer loop
      vertex -24.0661 91.4422 -18
      vertex -27.6925 95.5773 1
      vertex -25.568 97.3208 1
    endloop
  endfacet
  facet normal 0.87499 -0.396426 -0.27792
    outer loop
      vertex 37.6687 45.4239 1
      vertex 33.7216 50.0321 -18
      vertex 38.8029 47.9273 1
    endloop
  endfacet
  facet normal -0.0941102 0.955982 -0.277923
    outer loop
      vertex -4.76421 100.188 -18
      vertex -5.4821 105.641 1
      vertex -2.38721 100.422 -18
    endloop
  endfacet
  facet normal -0.559515 -0.780835 -0.277919
    outer loop
      vertex -20.2783 33.6514 -18
      vertex -25.568 30.6792 1
      vertex -22.2198 35.0426 -18
    endloop
  endfacet
  facet normal -0.50727 -0.815742 -0.277923
    outer loop
      vertex -21 27.6269 1
      vertex -23.334 29.0783 1
      vertex -18.25 32.3901 -18
    endloop
  endfacet
  facet normal 0.93551 0.218132 -0.277921
    outer loop
      vertex 41.193 72.1938 1
      vertex 35.2563 73.4469 -18
      vertex 40.5689 74.8704 1
    endloop
  endfacet
  facet normal -0.815742 -0.50727 -0.277923
    outer loop
      vertex -34.9217 40.666 1
      vertex -36.3731 43 1
      vertex -31.6099 45.75 -18
    endloop
  endfacet
  facet normal -0.33834 0.899047 -0.277924
    outer loop
      vertex -13.9679 97.7216 -18
      vertex -16.0727 102.803 1
      vertex -13.5005 103.771 1
    endloop
  endfacet
  facet normal 0.33834 0.899047 -0.277924
    outer loop
      vertex 13.9679 97.7216 -18
      vertex 13.5005 103.771 1
      vertex 16.0727 102.803 1
    endloop
  endfacet
  facet normal 0.609396 0.742561 -0.27792
    outer loop
      vertex 24.0661 91.4422 -18
      vertex 22.2198 92.9574 -18
      vertex 25.568 97.3208 1
    endloop
  endfacet
  facet normal -0.701115 0.656657 -0.27792
    outer loop
      vertex -27.4422 88.0661 -18
      vertex -31.5773 91.6925 1
      vertex -29.6985 93.6985 1
    endloop
  endfacet
  facet normal 0.780817 -0.559539 -0.277923
    outer loop
      vertex 33.3208 38.432 1
      vertex 30.3486 43.7217 -18
      vertex 34.9217 40.666 1
    endloop
  endfacet
  facet normal -0.656657 -0.701115 -0.27792
    outer loop
      vertex -27.6925 32.4227 1
      vertex -29.6985 34.3015 1
      vertex -24.0661 36.5578 -18
    endloop
  endfacet
  facet normal -0.935508 -0.218142 -0.27792
    outer loop
      vertex -35.2563 54.5531 -18
      vertex -41.193 55.8062 1
      vertex -35.7987 56.8792 -18
    endloop
  endfacet
  facet normal 0.919244 -0.278838 -0.277921
    outer loop
      vertex 39.7711 50.4995 1
      vertex 35.2563 54.5531 -18
      vertex 40.5689 53.1296 1
    endloop
  endfacet
  facet normal -0.93551 -0.218132 -0.277921
    outer loop
      vertex -40.5689 53.1296 1
      vertex -41.193 55.8062 1
      vertex -35.2563 54.5531 -18
    endloop
  endfacet
  facet normal 0.33839 -0.899028 -0.277921
    outer loop
      vertex 15.9619 25.4645 0
      vertex 13.5251 24.5473 0
      vertex 13.9679 30.2784 -18
    endloop
  endfacet
  facet normal 0.0941898 -0.955975 -0.277922
    outer loop
      vertex 4.76421 27.8123 -18
      vertex 5.31921 22.634 0
      vertex 2.38721 27.5781 -18
    endloop
  endfacet
  facet normal 0.0939872 -0.955995 -0.277922
    outer loop
      vertex 5.31921 22.634 0
      vertex 4.76421 27.8123 -18
      vertex 5.44432 22.6463 0
    endloop
  endfacet
  facet normal -0.278837 -0.919244 -0.277921
    outer loop
      vertex -9.44689 28.7437 -18
      vertex -13.5005 24.2289 1
      vertex -11.7325 29.437 -18
    endloop
  endfacet
  facet normal 0.742563 0.609394 -0.27792
    outer loop
      vertex 33.3208 89.568 1
      vertex 27.4422 88.0661 -18
      vertex 31.5773 91.6925 1
    endloop
  endfacet
  facet normal -0.278838 -0.919244 -0.277921
    outer loop
      vertex -10.8704 23.4311 1
      vertex -13.5005 24.2289 1
      vertex -9.44689 28.7437 -18
    endloop
  endfacet
  facet normal -0.701106 0.656666 -0.277922
    outer loop
      vertex -27.4422 88.0661 -18
      vertex -29.6985 93.6985 1
      vertex -25.8094 89.8094 -18
    endloop
  endfacet
  facet normal -0.156477 -0.947774 -0.27792
    outer loop
      vertex -5.4821 22.3593 1
      vertex -8.19379 22.807 1
      vertex -7.1208 28.2013 -18
    endloop
  endfacet
  facet normal -0.874987 -0.396431 -0.277921
    outer loop
      vertex -32.7359 47.8565 -18
      vertex -37.6687 45.4239 1
      vertex -33.7216 50.0321 -18
    endloop
  endfacet
  facet normal -0.960091 -0.0314105 -0.277919
    outer loop
      vertex -36.4219 61.6128 -18
      vertex -41.9101 61.2531 1
      vertex -36.5 64 -18
    endloop
  endfacet
  facet normal -0.87499 -0.396426 -0.27792
    outer loop
      vertex -37.6687 45.4239 1
      vertex -38.8029 47.9273 1
      vertex -33.7216 50.0321 -18
    endloop
  endfacet
  facet normal -0.452825 -0.847177 -0.277923
    outer loop
      vertex -18.5761 26.3313 1
      vertex -21 27.6269 1
      vertex -18.25 32.3901 -18
    endloop
  endfacet
  facet normal 0.815743 0.507271 -0.277921
    outer loop
      vertex 31.6099 82.25 -18
      vertex 30.3486 84.2783 -18
      vertex 34.9217 87.3339 1
    endloop
  endfacet
  facet normal 0.0313299 -0.960093 -0.27792
    outer loop
      vertex 0 27.5 -18
      vertex 0.125643 22.2936 0
      vertex 0 22.2895 0
    endloop
  endfacet
  facet normal 0.0314103 -0.960091 -0.27792
    outer loop
      vertex 0.125643 22.2936 0
      vertex 0 27.5 -18
      vertex 2.38721 27.5781 -18
    endloop
  endfacet
  facet normal -0.780835 0.559515 -0.277919
    outer loop
      vertex -30.3486 84.2783 -18
      vertex -33.3208 89.568 1
      vertex -28.9574 86.2198 -18
    endloop
  endfacet
  facet normal 0.847177 0.452825 -0.277923
    outer loop
      vertex 37.6687 82.5761 1
      vertex 31.6099 82.25 -18
      vertex 36.3731 85 1
    endloop
  endfacet
  facet normal -0.742561 -0.609396 -0.27792
    outer loop
      vertex -27.4422 39.9339 -18
      vertex -33.3208 38.432 1
      vertex -28.9574 41.7802 -18
    endloop
  endfacet
  facet normal 0.609394 0.742563 -0.27792
    outer loop
      vertex 27.6925 95.5773 1
      vertex 24.0661 91.4422 -18
      vertex 25.568 97.3208 1
    endloop
  endfacet
  facet normal -0.0940207 0.955994 -0.277911
    outer loop
      vertex -2.38721 100.422 -18
      vertex -5.4821 105.641 1
      vertex -2.74693 105.91 1
    endloop
  endfacet
  facet normal -0.0314213 -0.96009 -0.27792
    outer loop
      vertex 0 22 1
      vertex -2.74693 22.0899 1
      vertex -2.38721 27.5781 -18
    endloop
  endfacet
  facet normal 0.815742 -0.50727 -0.277923
    outer loop
      vertex 34.9217 40.666 1
      vertex 30.3486 43.7217 -18
      vertex 31.6099 45.75 -18
    endloop
  endfacet
  facet normal -0.847177 -0.452825 -0.277923
    outer loop
      vertex -36.3731 43 1
      vertex -37.6687 45.4239 1
      vertex -31.6099 45.75 -18
    endloop
  endfacet
  facet normal -0.396368 0.875015 -0.277925
    outer loop
      vertex -13.9679 97.7216 -18
      vertex -18.5761 101.669 1
      vertex -16.0727 102.803 1
    endloop
  endfacet
  facet normal 0.507277 -0.815738 -0.277924
    outer loop
      vertex 20.8553 27.8776 0
      vertex 18.25 32.3901 -18
      vertex 23.0664 29.2526 0
    endloop
  endfacet
  facet normal -0.93551 0.218132 -0.277921
    outer loop
      vertex -35.2563 73.4469 -18
      vertex -41.193 72.1938 1
      vertex -40.5689 74.8704 1
    endloop
  endfacet
  facet normal -0.96009 -0.0314216 -0.277921
    outer loop
      vertex -41.9101 61.2531 1
      vertex -42 64 1
      vertex -36.5 64 -18
    endloop
  endfacet
  facet normal 0.701106 0.656666 -0.277922
    outer loop
      vertex 27.4422 88.0661 -18
      vertex 25.8094 89.8094 -18
      vertex 29.6985 93.6985 1
    endloop
  endfacet
  facet normal -0.847177 0.452825 -0.277923
    outer loop
      vertex -31.6099 82.25 -18
      vertex -37.6687 82.5761 1
      vertex -36.3731 85 1
    endloop
  endfacet
  facet normal 0.847177 -0.452825 -0.277923
    outer loop
      vertex 36.3731 43 1
      vertex 31.6099 45.75 -18
      vertex 37.6687 45.4239 1
    endloop
  endfacet
  facet normal -0.656666 -0.701106 -0.277922
    outer loop
      vertex -24.0661 36.5578 -18
      vertex -29.6985 34.3015 1
      vertex -25.8094 38.1906 -18
    endloop
  endfacet
  facet normal -0.656657 0.701115 -0.27792
    outer loop
      vertex -24.0661 91.4422 -18
      vertex -29.6985 93.6985 1
      vertex -27.6925 95.5773 1
    endloop
  endfacet
  facet normal -0.780835 -0.559515 -0.277919
    outer loop
      vertex -28.9574 41.7802 -18
      vertex -33.3208 38.432 1
      vertex -30.3486 43.7217 -18
    endloop
  endfacet
  facet normal -0.218131 -0.93551 -0.277921
    outer loop
      vertex -8.19379 22.807 1
      vertex -10.8704 23.4311 1
      vertex -9.44689 28.7437 -18
    endloop
  endfacet
  facet normal 0.338392 -0.899028 -0.277921
    outer loop
      vertex 13.9679 30.2784 -18
      vertex 13.4074 24.503 0
      vertex 11.7325 29.437 -18
    endloop
  endfacet
  facet normal 0.338378 -0.899032 -0.277923
    outer loop
      vertex 13.4074 24.503 0
      vertex 13.9679 30.2784 -18
      vertex 13.5251 24.5473 0
    endloop
  endfacet
  facet normal 0.919244 -0.278838 -0.277921
    outer loop
      vertex 39.7711 50.4995 1
      vertex 34.563 52.2675 -18
      vertex 35.2563 54.5531 -18
    endloop
  endfacet
  facet normal -0.874987 0.396431 -0.277921
    outer loop
      vertex -33.7216 77.9679 -18
      vertex -37.6687 82.5761 1
      vertex -32.7359 80.1435 -18
    endloop
  endfacet
  facet normal -0.559539 -0.780817 -0.277923
    outer loop
      vertex -23.334 29.0783 1
      vertex -25.568 30.6792 1
      vertex -20.2783 33.6514 -18
    endloop
  endfacet
  facet normal -0.609396 -0.742561 -0.27792
    outer loop
      vertex -22.2198 35.0426 -18
      vertex -25.568 30.6792 1
      vertex -24.0661 36.5578 -18
    endloop
  endfacet
  facet normal -0.338393 0.899029 -0.277917
    outer loop
      vertex -11.7325 98.563 -18
      vertex -13.9679 97.7216 -18
      vertex -13.5005 103.771 1
    endloop
  endfacet
  facet normal 0.847168 -0.452842 -0.277921
    outer loop
      vertex 37.6687 45.4239 1
      vertex 31.6099 45.75 -18
      vertex 32.7359 47.8565 -18
    endloop
  endfacet
  facet normal -0.50727 -0.815742 -0.277923
    outer loop
      vertex -18.25 32.3901 -18
      vertex -23.334 29.0783 1
      vertex -20.2783 33.6514 -18
    endloop
  endfacet
  facet normal -0.947774 -0.156477 -0.27792
    outer loop
      vertex -41.193 55.8062 1
      vertex -41.6407 58.5179 1
      vertex -35.7987 56.8792 -18
    endloop
  endfacet
  facet normal -0.156579 0.947757 -0.277921
    outer loop
      vertex -7.1208 99.7987 -18
      vertex -8.19379 105.193 1
      vertex -5.4821 105.641 1
    endloop
  endfacet
  facet normal -0.609396 0.742561 -0.27792
    outer loop
      vertex -24.0661 91.4422 -18
      vertex -25.568 97.3208 1
      vertex -22.2198 92.9574 -18
    endloop
  endfacet
  facet normal 0.656666 0.701106 -0.277922
    outer loop
      vertex 25.8094 89.8094 -18
      vertex 24.0661 91.4422 -18
      vertex 29.6985 93.6985 1
    endloop
  endfacet
  facet normal 0.847168 0.452842 -0.277921
    outer loop
      vertex 32.7359 80.1435 -18
      vertex 31.6099 82.25 -18
      vertex 37.6687 82.5761 1
    endloop
  endfacet
  facet normal -0.701115 -0.656657 -0.27792
    outer loop
      vertex -29.6985 34.3015 1
      vertex -31.5773 36.3075 1
      vertex -27.4422 39.9339 -18
    endloop
  endfacet
  facet normal -0.960091 0.0314105 -0.277919
    outer loop
      vertex -36.5 64 -18
      vertex -41.9101 66.7469 1
      vertex -36.4219 66.3872 -18
    endloop
  endfacet
  facet normal 0.156646 -0.947746 -0.277922
    outer loop
      vertex 4.76421 27.8123 -18
      vertex 5.56835 22.6668 0
      vertex 5.44432 22.6463 0
    endloop
  endfacet
  facet normal 0.156449 -0.947778 -0.277922
    outer loop
      vertex 5.56835 22.6668 0
      vertex 4.76421 27.8123 -18
      vertex 7.1208 28.2013 -18
    endloop
  endfacet
  facet normal -0.452934 0.847119 -0.27792
    outer loop
      vertex -18.25 95.6099 -18
      vertex -21 100.373 1
      vertex -18.5761 101.669 1
    endloop
  endfacet
  facet normal -0.396429 0.874984 -0.277934
    outer loop
      vertex -16.1435 96.7359 -18
      vertex -18.5761 101.669 1
      vertex -13.9679 97.7216 -18
    endloop
  endfacet
  facet normal -0.815733 0.507286 -0.277923
    outer loop
      vertex -31.6099 82.25 -18
      vertex -36.3731 85 1
      vertex -34.9217 87.3339 1
    endloop
  endfacet
  facet normal 0.0314329 -0.960091 -0.277917
    outer loop
      vertex 2.728 22.3788 0
      vertex 0.125643 22.2936 0
      vertex 2.38721 27.5781 -18
    endloop
  endfacet
  facet normal -0.656666 0.701106 -0.277922
    outer loop
      vertex -25.8094 89.8094 -18
      vertex -29.6985 93.6985 1
      vertex -24.0661 91.4422 -18
    endloop
  endfacet
  facet normal 0.899028 0.338392 -0.277921
    outer loop
      vertex 34.563 75.7325 -18
      vertex 33.7216 77.9679 -18
      vertex 39.7711 77.5005 1
    endloop
  endfacet
  facet normal -0.50727 0.815742 -0.277923
    outer loop
      vertex -20.2783 94.3486 -18
      vertex -23.334 98.9217 1
      vertex -18.25 95.6099 -18
    endloop
  endfacet
  facet normal 0.815733 0.507286 -0.277923
    outer loop
      vertex 36.3731 85 1
      vertex 31.6099 82.25 -18
      vertex 34.9217 87.3339 1
    endloop
  endfacet
  facet normal -0.742561 0.609396 -0.27792
    outer loop
      vertex -28.9574 86.2198 -18
      vertex -33.3208 89.568 1
      vertex -27.4422 88.0661 -18
    endloop
  endfacet
  facet normal 0.874987 0.396431 -0.277921
    outer loop
      vertex 33.7216 77.9679 -18
      vertex 32.7359 80.1435 -18
      vertex 37.6687 82.5761 1
    endloop
  endfacet
  facet normal 0.452934 0.847119 -0.27792
    outer loop
      vertex 21 100.373 1
      vertex 18.25 95.6099 -18
      vertex 18.5761 101.669 1
    endloop
  endfacet
  facet normal 0.559539 0.780817 -0.277923
    outer loop
      vertex 25.568 97.3208 1
      vertex 20.2783 94.3486 -18
      vertex 23.334 98.9217 1
    endloop
  endfacet
  facet normal 0.742561 0.609396 -0.27792
    outer loop
      vertex 28.9574 86.2198 -18
      vertex 27.4422 88.0661 -18
      vertex 33.3208 89.568 1
    endloop
  endfacet
  facet normal -0.955974 -0.0941898 -0.277924
    outer loop
      vertex -36.1877 59.2358 -18
      vertex -41.6407 58.5179 1
      vertex -36.4219 61.6128 -18
    endloop
  endfacet
  facet normal 0.396368 0.875015 -0.277925
    outer loop
      vertex 18.5761 101.669 1
      vertex 13.9679 97.7216 -18
      vertex 16.0727 102.803 1
    endloop
  endfacet
  facet normal 0.278837 0.919245 -0.277917
    outer loop
      vertex 11.7325 98.563 -18
      vertex 9.44689 99.2563 -18
      vertex 13.5005 103.771 1
    endloop
  endfacet
  facet normal 0.338393 0.899029 -0.277917
    outer loop
      vertex 13.9679 97.7216 -18
      vertex 11.7325 98.563 -18
      vertex 13.5005 103.771 1
    endloop
  endfacet
  facet normal 0.396429 0.874984 -0.277934
    outer loop
      vertex 16.1435 96.7359 -18
      vertex 13.9679 97.7216 -18
      vertex 18.5761 101.669 1
    endloop
  endfacet
  facet normal 0.955974 0.0941898 -0.277924
    outer loop
      vertex 36.4219 66.3872 -18
      vertex 36.1877 68.7642 -18
      vertex 41.6407 69.4821 1
    endloop
  endfacet
  facet normal -0.947778 0.156448 -0.277923
    outer loop
      vertex -36.1877 68.7642 -18
      vertex -41.6407 69.4821 1
      vertex -35.7987 71.1208 -18
    endloop
  endfacet
  facet normal -0.87499 0.396426 -0.27792
    outer loop
      vertex -33.7216 77.9679 -18
      vertex -38.8029 80.0727 1
      vertex -37.6687 82.5761 1
    endloop
  endfacet
  facet normal -0.919244 0.278838 -0.277921
    outer loop
      vertex -35.2563 73.4469 -18
      vertex -40.5689 74.8704 1
      vertex -39.7711 77.5005 1
    endloop
  endfacet
  facet normal 0.45284 0.847165 -0.277933
    outer loop
      vertex 18.25 95.6099 -18
      vertex 16.1435 96.7359 -18
      vertex 18.5761 101.669 1
    endloop
  endfacet
  facet normal 0.0314562 0.960089 -0.27792
    outer loop
      vertex 2.74693 105.91 1
      vertex 0 100.5 -18
      vertex 0 106 1
    endloop
  endfacet
  facet normal -0.0313703 0.960095 -0.27791
    outer loop
      vertex -2.38721 100.422 -18
      vertex -2.74693 105.91 1
      vertex 0 100.5 -18
    endloop
  endfacet
  facet normal -0.559515 0.780835 -0.277919
    outer loop
      vertex -22.2198 92.9574 -18
      vertex -25.568 97.3208 1
      vertex -20.2783 94.3486 -18
    endloop
  endfacet
  facet normal 0 0 -1
    outer loop
      vertex 36.4219 61.6128 -18
      vertex 36.4219 66.3872 -18
      vertex 36.5 64 -18
    endloop
  endfacet
  facet normal 0 0 -1
    outer loop
      vertex 36.1877 59.2358 -18
      vertex 36.4219 66.3872 -18
      vertex 36.4219 61.6128 -18
    endloop
  endfacet
  facet normal 0 0 -1
    outer loop
      vertex 36.1877 59.2358 -18
      vertex 36.1877 68.7642 -18
      vertex 36.4219 66.3872 -18
    endloop
  endfacet
  facet normal 0 0 -1
    outer loop
      vertex 35.7987 56.8792 -18
      vertex 36.1877 68.7642 -18
      vertex 36.1877 59.2358 -18
    endloop
  endfacet
  facet normal 0 0 -1
    outer loop
      vertex 35.7987 56.8792 -18
      vertex 35.7987 71.1208 -18
      vertex 36.1877 68.7642 -18
    endloop
  endfacet
  facet normal 0 0 -1
    outer loop
      vertex 35.2563 54.5531 -18
      vertex 35.7987 71.1208 -18
      vertex 35.7987 56.8792 -18
    endloop
  endfacet
  facet normal 0 0 -1
    outer loop
      vertex 35.2563 54.5531 -18
      vertex 35.2563 73.4469 -18
      vertex 35.7987 71.1208 -18
    endloop
  endfacet
  facet normal 0 0 -1
    outer loop
      vertex 34.563 52.2675 -18
      vertex 35.2563 73.4469 -18
      vertex 35.2563 54.5531 -18
    endloop
  endfacet
  facet normal 0 0 -1
    outer loop
      vertex 34.563 52.2675 -18
      vertex 34.563 75.7325 -18
      vertex 35.2563 73.4469 -18
    endloop
  endfacet
  facet normal 0 0 -1
    outer loop
      vertex 33.7216 50.0321 -18
      vertex 34.563 75.7325 -18
      vertex 34.563 52.2675 -18
    endloop
  endfacet
  facet normal 0 0 -1
    outer loop
      vertex 33.7216 50.0321 -18
      vertex 33.7216 77.9679 -18
      vertex 34.563 75.7325 -18
    endloop
  endfacet
  facet normal 0 0 -1
    outer loop
      vertex 32.7359 47.8565 -18
      vertex 33.7216 77.9679 -18
      vertex 33.7216 50.0321 -18
    endloop
  endfacet
  facet normal 0 0 -1
    outer loop
      vertex 32.7359 47.8565 -18
      vertex 32.7359 80.1435 -18
      vertex 33.7216 77.9679 -18
    endloop
  endfacet
  facet normal 0 0 -1
    outer loop
      vertex 31.6099 45.75 -18
      vertex 32.7359 80.1435 -18
      vertex 32.7359 47.8565 -18
    endloop
  endfacet
  facet normal 0 0 -1
    outer loop
      vertex 31.6099 45.75 -18
      vertex 31.6099 82.25 -18
      vertex 32.7359 80.1435 -18
    endloop
  endfacet
  facet normal 0 0 -1
    outer loop
      vertex 30.3486 43.7217 -18
      vertex 31.6099 82.25 -18
      vertex 31.6099 45.75 -18
    endloop
  endfacet
  facet normal 0 0 -1
    outer loop
      vertex 30.3486 43.7217 -18
      vertex 30.3486 84.2783 -18
      vertex 31.6099 82.25 -18
    endloop
  endfacet
  facet normal 0 0 -1
    outer loop
      vertex 28.9574 41.7802 -18
      vertex 30.3486 84.2783 -18
      vertex 30.3486 43.7217 -18
    endloop
  endfacet
  facet normal 0 0 -1
    outer loop
      vertex 28.9574 41.7802 -18
      vertex 28.9574 86.2198 -18
      vertex 30.3486 84.2783 -18
    endloop
  endfacet
  facet normal 0 0 -1
    outer loop
      vertex 27.4422 39.9339 -18
      vertex 28.9574 86.2198 -18
      vertex 28.9574 41.7802 -18
    endloop
  endfacet
  facet normal 0 0 -1
    outer loop
      vertex 27.4422 39.9339 -18
      vertex 27.4422 88.0661 -18
      vertex 28.9574 86.2198 -18
    endloop
  endfacet
  facet normal 0 0 -1
    outer loop
      vertex 25.8094 38.1906 -18
      vertex 27.4422 88.0661 -18
      vertex 27.4422 39.9339 -18
    endloop
  endfacet
  facet normal 0 0 -1
    outer loop
      vertex 25.8094 38.1906 -18
      vertex 25.8094 89.8094 -18
      vertex 27.4422 88.0661 -18
    endloop
  endfacet
  facet normal 0 0 -1
    outer loop
      vertex 24.0661 36.5578 -18
      vertex 25.8094 89.8094 -18
      vertex 25.8094 38.1906 -18
    endloop
  endfacet
  facet normal 0 0 -1
    outer loop
      vertex 24.0661 36.5578 -18
      vertex 24.0661 91.4422 -18
      vertex 25.8094 89.8094 -18
    endloop
  endfacet
  facet normal 0 0 -1
    outer loop
      vertex 22.2198 35.0426 -18
      vertex 24.0661 91.4422 -18
      vertex 24.0661 36.5578 -18
    endloop
  endfacet
  facet normal 0 0 -1
    outer loop
      vertex 22.2198 35.0426 -18
      vertex 22.2198 92.9574 -18
      vertex 24.0661 91.4422 -18
    endloop
  endfacet
  facet normal 0 0 -1
    outer loop
      vertex 20.2783 33.6514 -18
      vertex 22.2198 92.9574 -18
      vertex 22.2198 35.0426 -18
    endloop
  endfacet
  facet normal 0 0 -1
    outer loop
      vertex 20.2783 33.6514 -18
      vertex 20.2783 94.3486 -18
      vertex 22.2198 92.9574 -18
    endloop
  endfacet
  facet normal 0 0 -1
    outer loop
      vertex 18.25 32.3901 -18
      vertex 20.2783 94.3486 -18
      vertex 20.2783 33.6514 -18
    endloop
  endfacet
  facet normal 0 0 -1
    outer loop
      vertex 18.25 32.3901 -18
      vertex 18.25 95.6099 -18
      vertex 20.2783 94.3486 -18
    endloop
  endfacet
  facet normal 0 0 -1
    outer loop
      vertex 16.1435 31.2641 -18
      vertex 18.25 95.6099 -18
      vertex 18.25 32.3901 -18
    endloop
  endfacet
  facet normal 0 0 -1
    outer loop
      vertex 16.1435 31.2641 -18
      vertex 16.1435 96.7359 -18
      vertex 18.25 95.6099 -18
    endloop
  endfacet
  facet normal 0 0 -1
    outer loop
      vertex 13.9679 30.2784 -18
      vertex 16.1435 96.7359 -18
      vertex 16.1435 31.2641 -18
    endloop
  endfacet
  facet normal 0 0 -1
    outer loop
      vertex 13.9679 30.2784 -18
      vertex 13.9679 97.7216 -18
      vertex 16.1435 96.7359 -18
    endloop
  endfacet
  facet normal 0 0 -1
    outer loop
      vertex 11.7325 29.437 -18
      vertex 13.9679 97.7216 -18
      vertex 13.9679 30.2784 -18
    endloop
  endfacet
  facet normal 0 0 -1
    outer loop
      vertex 11.7325 29.437 -18
      vertex 11.7325 98.563 -18
      vertex 13.9679 97.7216 -18
    endloop
  endfacet
  facet normal 0 0 -1
    outer loop
      vertex 9.44689 28.7437 -18
      vertex 11.7325 98.563 -18
      vertex 11.7325 29.437 -18
    endloop
  endfacet
  facet normal 0 0 -1
    outer loop
      vertex 9.44689 28.7437 -18
      vertex 9.44689 99.2563 -18
      vertex 11.7325 98.563 -18
    endloop
  endfacet
  facet normal 0 0 -1
    outer loop
      vertex 7.1208 28.2013 -18
      vertex 9.44689 99.2563 -18
      vertex 9.44689 28.7437 -18
    endloop
  endfacet
  facet normal 0 0 -1
    outer loop
      vertex 7.1208 28.2013 -18
      vertex 7.1208 99.7987 -18
      vertex 9.44689 99.2563 -18
    endloop
  endfacet
  facet normal 0 0 -1
    outer loop
      vertex 4.76421 27.8123 -18
      vertex 7.1208 99.7987 -18
      vertex 7.1208 28.2013 -18
    endloop
  endfacet
  facet normal 0 0 -1
    outer loop
      vertex 4.76421 27.8123 -18
      vertex 4.76421 100.188 -18
      vertex 7.1208 99.7987 -18
    endloop
  endfacet
  facet normal 0 0 -1
    outer loop
      vertex 2.38721 27.5781 -18
      vertex 4.76421 100.188 -18
      vertex 4.76421 27.8123 -18
    endloop
  endfacet
  facet normal 0 0 -1
    outer loop
      vertex 2.38721 27.5781 -18
      vertex 2.38721 100.422 -18
      vertex 4.76421 100.188 -18
    endloop
  endfacet
  facet normal 0 0 -1
    outer loop
      vertex 0 27.5 -18
      vertex 2.38721 100.422 -18
      vertex 2.38721 27.5781 -18
    endloop
  endfacet
  facet normal 0 0 -1
    outer loop
      vertex 0 27.5 -18
      vertex 0 100.5 -18
      vertex 2.38721 100.422 -18
    endloop
  endfacet
  facet normal 0 0 -1
    outer loop
      vertex -2.38721 27.5781 -18
      vertex 0 100.5 -18
      vertex 0 27.5 -18
    endloop
  endfacet
  facet normal 0 0 -1
    outer loop
      vertex -2.38721 27.5781 -18
      vertex -2.38721 100.422 -18
      vertex 0 100.5 -18
    endloop
  endfacet
  facet normal 0 0 -1
    outer loop
      vertex -4.76421 27.8123 -18
      vertex -2.38721 100.422 -18
      vertex -2.38721 27.5781 -18
    endloop
  endfacet
  facet normal 0 0 -1
    outer loop
      vertex -4.76421 27.8123 -18
      vertex -4.76421 100.188 -18
      vertex -2.38721 100.422 -18
    endloop
  endfacet
  facet normal 0 0 -1
    outer loop
      vertex -7.1208 28.2013 -18
      vertex -4.76421 100.188 -18
      vertex -4.76421 27.8123 -18
    endloop
  endfacet
  facet normal 0 0 -1
    outer loop
      vertex -7.1208 28.2013 -18
      vertex -7.1208 99.7987 -18
      vertex -4.76421 100.188 -18
    endloop
  endfacet
  facet normal 0 0 -1
    outer loop
      vertex -9.44689 28.7437 -18
      vertex -7.1208 99.7987 -18
      vertex -7.1208 28.2013 -18
    endloop
  endfacet
  facet normal 0 0 -1
    outer loop
      vertex -9.44689 28.7437 -18
      vertex -9.44689 99.2563 -18
      vertex -7.1208 99.7987 -18
    endloop
  endfacet
  facet normal 0 0 -1
    outer loop
      vertex -11.7325 29.437 -18
      vertex -9.44689 99.2563 -18
      vertex -9.44689 28.7437 -18
    endloop
  endfacet
  facet normal 0 0 -1
    outer loop
      vertex -11.7325 29.437 -18
      vertex -11.7325 98.563 -18
      vertex -9.44689 99.2563 -18
    endloop
  endfacet
  facet normal 0 0 -1
    outer loop
      vertex -13.9679 30.2784 -18
      vertex -11.7325 98.563 -18
      vertex -11.7325 29.437 -18
    endloop
  endfacet
  facet normal 0 0 -1
    outer loop
      vertex -13.9679 30.2784 -18
      vertex -13.9679 97.7216 -18
      vertex -11.7325 98.563 -18
    endloop
  endfacet
  facet normal 0 0 -1
    outer loop
      vertex -16.1435 31.2641 -18
      vertex -13.9679 97.7216 -18
      vertex -13.9679 30.2784 -18
    endloop
  endfacet
  facet normal 0 0 -1
    outer loop
      vertex -16.1435 31.2641 -18
      vertex -16.1435 96.7359 -18
      vertex -13.9679 97.7216 -18
    endloop
  endfacet
  facet normal 0 0 -1
    outer loop
      vertex -18.25 32.3901 -18
      vertex -16.1435 96.7359 -18
      vertex -16.1435 31.2641 -18
    endloop
  endfacet
  facet normal 0 0 -1
    outer loop
      vertex -18.25 32.3901 -18
      vertex -18.25 95.6099 -18
      vertex -16.1435 96.7359 -18
    endloop
  endfacet
  facet normal 0 0 -1
    outer loop
      vertex -20.2783 33.6514 -18
      vertex -18.25 95.6099 -18
      vertex -18.25 32.3901 -18
    endloop
  endfacet
  facet normal 0 0 -1
    outer loop
      vertex -20.2783 33.6514 -18
      vertex -20.2783 94.3486 -18
      vertex -18.25 95.6099 -18
    endloop
  endfacet
  facet normal 0 0 -1
    outer loop
      vertex -22.2198 35.0426 -18
      vertex -20.2783 94.3486 -18
      vertex -20.2783 33.6514 -18
    endloop
  endfacet
  facet normal 0 0 -1
    outer loop
      vertex -22.2198 35.0426 -18
      vertex -22.2198 92.9574 -18
      vertex -20.2783 94.3486 -18
    endloop
  endfacet
  facet normal 0 0 -1
    outer loop
      vertex -24.0661 36.5578 -18
      vertex -22.2198 92.9574 -18
      vertex -22.2198 35.0426 -18
    endloop
  endfacet
  facet normal 0 0 -1
    outer loop
      vertex -24.0661 36.5578 -18
      vertex -24.0661 91.4422 -18
      vertex -22.2198 92.9574 -18
    endloop
  endfacet
  facet normal 0 0 -1
    outer loop
      vertex -25.8094 38.1906 -18
      vertex -24.0661 91.4422 -18
      vertex -24.0661 36.5578 -18
    endloop
  endfacet
  facet normal 0 0 -1
    outer loop
      vertex -25.8094 38.1906 -18
      vertex -25.8094 89.8094 -18
      vertex -24.0661 91.4422 -18
    endloop
  endfacet
  facet normal 0 0 -1
    outer loop
      vertex -27.4422 39.9339 -18
      vertex -25.8094 89.8094 -18
      vertex -25.8094 38.1906 -18
    endloop
  endfacet
  facet normal 0 0 -1
    outer loop
      vertex -27.4422 39.9339 -18
      vertex -27.4422 88.0661 -18
      vertex -25.8094 89.8094 -18
    endloop
  endfacet
  facet normal 0 0 -1
    outer loop
      vertex -28.9574 41.7802 -18
      vertex -27.4422 88.0661 -18
      vertex -27.4422 39.9339 -18
    endloop
  endfacet
  facet normal 0 0 -1
    outer loop
      vertex -28.9574 41.7802 -18
      vertex -28.9574 86.2198 -18
      vertex -27.4422 88.0661 -18
    endloop
  endfacet
  facet normal 0 0 -1
    outer loop
      vertex -30.3486 43.7217 -18
      vertex -28.9574 86.2198 -18
      vertex -28.9574 41.7802 -18
    endloop
  endfacet
  facet normal 0 0 -1
    outer loop
      vertex -30.3486 43.7217 -18
      vertex -30.3486 84.2783 -18
      vertex -28.9574 86.2198 -18
    endloop
  endfacet
  facet normal 0 0 -1
    outer loop
      vertex -31.6099 45.75 -18
      vertex -30.3486 84.2783 -18
      vertex -30.3486 43.7217 -18
    endloop
  endfacet
  facet normal 0 0 -1
    outer loop
      vertex -31.6099 45.75 -18
      vertex -31.6099 82.25 -18
      vertex -30.3486 84.2783 -18
    endloop
  endfacet
  facet normal 0 0 -1
    outer loop
      vertex -32.7359 47.8565 -18
      vertex -31.6099 82.25 -18
      vertex -31.6099 45.75 -18
    endloop
  endfacet
  facet normal 0 0 -1
    outer loop
      vertex -32.7359 47.8565 -18
      vertex -32.7359 80.1435 -18
      vertex -31.6099 82.25 -18
    endloop
  endfacet
  facet normal 0 0 -1
    outer loop
      vertex -33.7216 50.0321 -18
      vertex -32.7359 80.1435 -18
      vertex -32.7359 47.8565 -18
    endloop
  endfacet
  facet normal 0 0 -1
    outer loop
      vertex -33.7216 50.0321 -18
      vertex -33.7216 77.9679 -18
      vertex -32.7359 80.1435 -18
    endloop
  endfacet
  facet normal 0 0 -1
    outer loop
      vertex -34.563 52.2675 -18
      vertex -33.7216 77.9679 -18
      vertex -33.7216 50.0321 -18
    endloop
  endfacet
  facet normal 0 0 -1
    outer loop
      vertex -34.563 52.2675 -18
      vertex -34.563 75.7325 -18
      vertex -33.7216 77.9679 -18
    endloop
  endfacet
  facet normal 0 0 -1
    outer loop
      vertex -35.2563 54.5531 -18
      vertex -34.563 75.7325 -18
      vertex -34.563 52.2675 -18
    endloop
  endfacet
  facet normal 0 0 -1
    outer loop
      vertex -35.2563 54.5531 -18
      vertex -35.2563 73.4469 -18
      vertex -34.563 75.7325 -18
    endloop
  endfacet
  facet normal 0 0 -1
    outer loop
      vertex -35.7987 56.8792 -18
      vertex -35.2563 73.4469 -18
      vertex -35.2563 54.5531 -18
    endloop
  endfacet
  facet normal 0 0 -1
    outer loop
      vertex -35.7987 56.8792 -18
      vertex -35.7987 71.1208 -18
      vertex -35.2563 73.4469 -18
    endloop
  endfacet
  facet normal 0 0 -1
    outer loop
      vertex -36.1877 59.2358 -18
      vertex -35.7987 71.1208 -18
      vertex -35.7987 56.8792 -18
    endloop
  endfacet
  facet normal 0 0 -1
    outer loop
      vertex -36.1877 59.2358 -18
      vertex -36.1877 68.7642 -18
      vertex -35.7987 71.1208 -18
    endloop
  endfacet
  facet normal 0 0 -1
    outer loop
      vertex -36.4219 61.6128 -18
      vertex -36.1877 68.7642 -18
      vertex -36.1877 59.2358 -18
    endloop
  endfacet
  facet normal 0 0 -1
    outer loop
      vertex -36.4219 61.6128 -18
      vertex -36.4219 66.3872 -18
      vertex -36.1877 68.7642 -18
    endloop
  endfacet
  facet normal 0 -0 -1
    outer loop
      vertex -36.4219 66.3872 -18
      vertex -36.4219 61.6128 -18
      vertex -36.5 64 -18
    endloop
  endfacet
  facet normal -0.815742 -0.50727 -0.277923
    outer loop
      vertex -30.3486 43.7217 -18
      vertex -34.9217 40.666 1
      vertex -31.6099 45.75 -18
    endloop
  endfacet
  facet normal -0.156449 -0.947778 -0.277923
    outer loop
      vertex -5.4821 22.3593 1
      vertex -7.1208 28.2013 -18
      vertex -4.76421 27.8123 -18
    endloop
  endfacet
  facet normal -0.0941898 -0.955974 -0.277923
    outer loop
      vertex -2.38721 27.5781 -18
      vertex -5.4821 22.3593 1
      vertex -4.76421 27.8123 -18
    endloop
  endfacet
  facet normal 0.218143 0.935508 -0.27792
    outer loop
      vertex 9.44689 99.2563 -18
      vertex 7.1208 99.7987 -18
      vertex 8.19379 105.193 1
    endloop
  endfacet
  facet normal -0.847168 -0.452842 -0.277921
    outer loop
      vertex -31.6099 45.75 -18
      vertex -37.6687 45.4239 1
      vertex -32.7359 47.8565 -18
    endloop
  endfacet
  facet normal 0.780835 0.559515 -0.277919
    outer loop
      vertex 30.3486 84.2783 -18
      vertex 28.9574 86.2198 -18
      vertex 33.3208 89.568 1
    endloop
  endfacet
  facet normal -0.396431 -0.874987 -0.277921
    outer loop
      vertex -13.9679 30.2784 -18
      vertex -18.5761 26.3313 1
      vertex -16.1435 31.2641 -18
    endloop
  endfacet
  facet normal 0.899025 0.338401 -0.27792
    outer loop
      vertex 39.7711 77.5005 1
      vertex 33.7216 77.9679 -18
      vertex 38.8029 80.0727 1
    endloop
  endfacet
  facet normal 0.50727 0.815742 -0.277923
    outer loop
      vertex 20.2783 94.3486 -18
      vertex 18.25 95.6099 -18
      vertex 23.334 98.9217 1
    endloop
  endfacet
  facet normal 0.559515 0.780835 -0.277919
    outer loop
      vertex 22.2198 92.9574 -18
      vertex 20.2783 94.3486 -18
      vertex 25.568 97.3208 1
    endloop
  endfacet
  facet normal 0.156566 0.947759 -0.277922
    outer loop
      vertex 7.1208 99.7987 -18
      vertex 4.76421 100.188 -18
      vertex 5.4821 105.641 1
    endloop
  endfacet
  facet normal -0.559539 0.780817 -0.277923
    outer loop
      vertex -20.2783 94.3486 -18
      vertex -25.568 97.3208 1
      vertex -23.334 98.9217 1
    endloop
  endfacet
  facet normal 0.780829 0.559523 -0.27792
    outer loop
      vertex 34.9217 87.3339 1
      vertex 30.3486 84.2783 -18
      vertex 33.3208 89.568 1
    endloop
  endfacet
  facet normal 0 0 1
    outer loop
      vertex 0 34 1
      vertex 42 64 1
      vertex 41.9101 66.7469 1
    endloop
  endfacet
  facet normal 0 0 1
    outer loop
      vertex 0 34 1
      vertex 41.9101 66.7469 1
      vertex 41.6407 69.4821 1
    endloop
  endfacet
  facet normal 0 0 1
    outer loop
      vertex 42 64 1
      vertex 0 34 1
      vertex 41.9101 61.2531 1
    endloop
  endfacet
  facet normal 0 0 1
    outer loop
      vertex 0 34 1
      vertex 41.6407 69.4821 1
      vertex 41.193 72.1938 1
    endloop
  endfacet
  facet normal 0 0 1
    outer loop
      vertex 41.9101 61.2531 1
      vertex 0 34 1
      vertex 41.6407 58.5179 1
    endloop
  endfacet
  facet normal 0 0 1
    outer loop
      vertex 0 34 1
      vertex 41.193 72.1938 1
      vertex 40.5689 74.8704 1
    endloop
  endfacet
  facet normal 0 0 1
    outer loop
      vertex 41.6407 58.5179 1
      vertex 0 34 1
      vertex 41.193 55.8062 1
    endloop
  endfacet
  facet normal 0 0 1
    outer loop
      vertex 0 34 1
      vertex 40.5689 74.8704 1
      vertex 39.7711 77.5005 1
    endloop
  endfacet
  facet normal 0 0 1
    outer loop
      vertex 41.193 55.8062 1
      vertex 0 34 1
      vertex 40.5689 53.1296 1
    endloop
  endfacet
  facet normal 0 0 1
    outer loop
      vertex 0 34 1
      vertex 39.7711 77.5005 1
      vertex 38.8029 80.0727 1
    endloop
  endfacet
  facet normal 0 0 1
    outer loop
      vertex 40.5689 53.1296 1
      vertex 0 34 1
      vertex 39.7711 50.4995 1
    endloop
  endfacet
  facet normal 0 0 1
    outer loop
      vertex 0 34 1
      vertex 38.8029 80.0727 1
      vertex 37.6687 82.5761 1
    endloop
  endfacet
  facet normal 0 0 1
    outer loop
      vertex 39.7711 50.4995 1
      vertex 0 34 1
      vertex 38.8029 47.9273 1
    endloop
  endfacet
  facet normal 0 0 1
    outer loop
      vertex 0 34 1
      vertex 37.6687 82.5761 1
      vertex 36.3731 85 1
    endloop
  endfacet
  facet normal 0 0 1
    outer loop
      vertex 38.8029 47.9273 1
      vertex 0 34 1
      vertex 37.6687 45.4239 1
    endloop
  endfacet
  facet normal 0 0 1
    outer loop
      vertex 0 34 1
      vertex 36.3731 85 1
      vertex 34.9217 87.3339 1
    endloop
  endfacet
  facet normal 0 0 1
    outer loop
      vertex 37.6687 45.4239 1
      vertex 0 34 1
      vertex 36.3731 43 1
    endloop
  endfacet
  facet normal 0 0 1
    outer loop
      vertex 0 34 1
      vertex 34.9217 87.3339 1
      vertex 33.3208 89.568 1
    endloop
  endfacet
  facet normal 0 0 1
    outer loop
      vertex 36.3731 43 1
      vertex 0 34 1
      vertex 34.9217 40.666 1
    endloop
  endfacet
  facet normal 0 0 1
    outer loop
      vertex 0 34 1
      vertex 33.3208 89.568 1
      vertex 31.5773 91.6925 1
    endloop
  endfacet
  facet normal 0 0 1
    outer loop
      vertex 34.9217 40.666 1
      vertex 0 34 1
      vertex 33.3208 38.432 1
    endloop
  endfacet
  facet normal 0 0 1
    outer loop
      vertex 0 34 1
      vertex 31.5773 91.6925 1
      vertex 29.6985 93.6985 1
    endloop
  endfacet
  facet normal 0 0 1
    outer loop
      vertex 33.3208 38.432 1
      vertex 0 34 1
      vertex 31.5773 36.3075 1
    endloop
  endfacet
  facet normal 0 0 1
    outer loop
      vertex 31.5773 36.3075 1
      vertex 0 34 1
      vertex 29.6985 34.3015 1
    endloop
  endfacet
  facet normal 0 0 1
    outer loop
      vertex 0 34 1
      vertex 29.6985 93.6985 1
      vertex 27.6925 95.5773 1
    endloop
  endfacet
  facet normal 0 0 1
    outer loop
      vertex 0 34 1
      vertex 27.6925 95.5773 1
      vertex 25.568 97.3208 1
    endloop
  endfacet
  facet normal 0 0 1
    outer loop
      vertex 0 34 1
      vertex 25.568 97.3208 1
      vertex 23.334 98.9217 1
    endloop
  endfacet
  facet normal 0 0 1
    outer loop
      vertex 0 34 1
      vertex 23.334 98.9217 1
      vertex 21 100.373 1
    endloop
  endfacet
  facet normal 0 0 1
    outer loop
      vertex 0 34 1
      vertex 21 100.373 1
      vertex 18.5761 101.669 1
    endloop
  endfacet
  facet normal 0 0 1
    outer loop
      vertex 0 34 1
      vertex 18.5761 101.669 1
      vertex 16.0727 102.803 1
    endloop
  endfacet
  facet normal 0 0 1
    outer loop
      vertex 0 34 1
      vertex 16.0727 102.803 1
      vertex 13.5005 103.771 1
    endloop
  endfacet
  facet normal 0 0 1
    outer loop
      vertex 0 34 1
      vertex 13.5005 103.771 1
      vertex 10.8704 104.569 1
    endloop
  endfacet
  facet normal 0 0 1
    outer loop
      vertex 0 34 1
      vertex 10.8704 104.569 1
      vertex 8.19379 105.193 1
    endloop
  endfacet
  facet normal 0 0 1
    outer loop
      vertex 0 34 1
      vertex 8.19379 105.193 1
      vertex 5.4821 105.641 1
    endloop
  endfacet
  facet normal 0 0 1
    outer loop
      vertex 0 34 1
      vertex 5.4821 105.641 1
      vertex 2.74693 105.91 1
    endloop
  endfacet
  facet normal 0 0 1
    outer loop
      vertex 0 34 1
      vertex 2.74693 105.91 1
      vertex 0 106 1
    endloop
  endfacet
  facet normal 0 0 1
    outer loop
      vertex 29.6985 34.3015 1
      vertex 0 34 1
      vertex 29.3766 34 1
    endloop
  endfacet
  facet normal -0 0 1
    outer loop
      vertex -2.74693 105.91 1
      vertex 0 34 1
      vertex 0 106 1
    endloop
  endfacet
  facet normal -0 0 1
    outer loop
      vertex -5.4821 105.641 1
      vertex 0 34 1
      vertex -2.74693 105.91 1
    endloop
  endfacet
  facet normal 0 0 1
    outer loop
      vertex 0 34 1
      vertex -2.74693 22.0899 1
      vertex 0 22 1
    endloop
  endfacet
  facet normal -0 0 1
    outer loop
      vertex -8.19379 105.193 1
      vertex 0 34 1
      vertex -5.4821 105.641 1
    endloop
  endfacet
  facet normal 0 0 1
    outer loop
      vertex 0 34 1
      vertex -5.4821 22.3593 1
      vertex -2.74693 22.0899 1
    endloop
  endfacet
  facet normal -0 0 1
    outer loop
      vertex -10.8704 104.569 1
      vertex 0 34 1
      vertex -8.19379 105.193 1
    endloop
  endfacet
  facet normal 0 0 1
    outer loop
      vertex 0 34 1
      vertex -8.19379 22.807 1
      vertex -5.4821 22.3593 1
    endloop
  endfacet
  facet normal -0 0 1
    outer loop
      vertex -13.5005 103.771 1
      vertex 0 34 1
      vertex -10.8704 104.569 1
    endloop
  endfacet
  facet normal 0 0 1
    outer loop
      vertex 0 34 1
      vertex -10.8704 23.4311 1
      vertex -8.19379 22.807 1
    endloop
  endfacet
  facet normal -0 0 1
    outer loop
      vertex -16.0727 102.803 1
      vertex 0 34 1
      vertex -13.5005 103.771 1
    endloop
  endfacet
  facet normal 0 0 1
    outer loop
      vertex 0 34 1
      vertex -13.5005 24.2289 1
      vertex -10.8704 23.4311 1
    endloop
  endfacet
  facet normal -0 0 1
    outer loop
      vertex -18.5761 101.669 1
      vertex 0 34 1
      vertex -16.0727 102.803 1
    endloop
  endfacet
  facet normal 0 0 1
    outer loop
      vertex 0 34 1
      vertex -16.0727 25.1971 1
      vertex -13.5005 24.2289 1
    endloop
  endfacet
  facet normal -0 0 1
    outer loop
      vertex -21 100.373 1
      vertex 0 34 1
      vertex -18.5761 101.669 1
    endloop
  endfacet
  facet normal 0 0 1
    outer loop
      vertex 0 34 1
      vertex -18.5761 26.3313 1
      vertex -16.0727 25.1971 1
    endloop
  endfacet
  facet normal -0 0 1
    outer loop
      vertex -23.334 98.9217 1
      vertex 0 34 1
      vertex -21 100.373 1
    endloop
  endfacet
  facet normal 0 0 1
    outer loop
      vertex 0 34 1
      vertex -21 27.6269 1
      vertex -18.5761 26.3313 1
    endloop
  endfacet
  facet normal -0 0 1
    outer loop
      vertex -25.568 97.3208 1
      vertex 0 34 1
      vertex -23.334 98.9217 1
    endloop
  endfacet
  facet normal 0 0 1
    outer loop
      vertex 0 34 1
      vertex -23.334 29.0783 1
      vertex -21 27.6269 1
    endloop
  endfacet
  facet normal -0 0 1
    outer loop
      vertex -27.6925 95.5773 1
      vertex 0 34 1
      vertex -25.568 97.3208 1
    endloop
  endfacet
  facet normal 0 0 1
    outer loop
      vertex 0 34 1
      vertex -25.568 30.6792 1
      vertex -23.334 29.0783 1
    endloop
  endfacet
  facet normal -0 0 1
    outer loop
      vertex -29.6985 93.6985 1
      vertex 0 34 1
      vertex -27.6925 95.5773 1
    endloop
  endfacet
  facet normal 0 0 1
    outer loop
      vertex 0 34 1
      vertex -27.6925 32.4227 1
      vertex -25.568 30.6792 1
    endloop
  endfacet
  facet normal -0 0 1
    outer loop
      vertex -31.5773 91.6925 1
      vertex 0 34 1
      vertex -29.6985 93.6985 1
    endloop
  endfacet
  facet normal 0 0 1
    outer loop
      vertex 0 34 1
      vertex -29.6985 34.3015 1
      vertex -27.6925 32.4227 1
    endloop
  endfacet
  facet normal -0 0 1
    outer loop
      vertex -33.3208 89.568 1
      vertex 0 34 1
      vertex -31.5773 91.6925 1
    endloop
  endfacet
  facet normal 0 0 1
    outer loop
      vertex 0 34 1
      vertex -31.5773 36.3075 1
      vertex -29.6985 34.3015 1
    endloop
  endfacet
  facet normal -0 0 1
    outer loop
      vertex -34.9217 87.3339 1
      vertex 0 34 1
      vertex -33.3208 89.568 1
    endloop
  endfacet
  facet normal 0 0 1
    outer loop
      vertex 0 34 1
      vertex -33.3208 38.432 1
      vertex -31.5773 36.3075 1
    endloop
  endfacet
  facet normal -0 0 1
    outer loop
      vertex -36.3731 85 1
      vertex 0 34 1
      vertex -34.9217 87.3339 1
    endloop
  endfacet
  facet normal 0 0 1
    outer loop
      vertex 0 34 1
      vertex -34.9217 40.666 1
      vertex -33.3208 38.432 1
    endloop
  endfacet
  facet normal -0 0 1
    outer loop
      vertex -37.6687 82.5761 1
      vertex 0 34 1
      vertex -36.3731 85 1
    endloop
  endfacet
  facet normal 0 0 1
    outer loop
      vertex 0 34 1
      vertex -36.3731 43 1
      vertex -34.9217 40.666 1
    endloop
  endfacet
  facet normal -0 0 1
    outer loop
      vertex -38.8029 80.0727 1
      vertex 0 34 1
      vertex -37.6687 82.5761 1
    endloop
  endfacet
  facet normal 0 0 1
    outer loop
      vertex 0 34 1
      vertex -37.6687 45.4239 1
      vertex -36.3731 43 1
    endloop
  endfacet
  facet normal -0 0 1
    outer loop
      vertex -39.7711 77.5005 1
      vertex 0 34 1
      vertex -38.8029 80.0727 1
    endloop
  endfacet
  facet normal 0 0 1
    outer loop
      vertex 0 34 1
      vertex -38.8029 47.9273 1
      vertex -37.6687 45.4239 1
    endloop
  endfacet
  facet normal -0 0 1
    outer loop
      vertex -40.5689 74.8704 1
      vertex 0 34 1
      vertex -39.7711 77.5005 1
    endloop
  endfacet
  facet normal 0 0 1
    outer loop
      vertex 0 34 1
      vertex -39.7711 50.4995 1
      vertex -38.8029 47.9273 1
    endloop
  endfacet
  facet normal -0 0 1
    outer loop
      vertex -41.193 72.1938 1
      vertex 0 34 1
      vertex -40.5689 74.8704 1
    endloop
  endfacet
  facet normal 0 0 1
    outer loop
      vertex 0 34 1
      vertex -40.5689 53.1296 1
      vertex -39.7711 50.4995 1
    endloop
  endfacet
  facet normal -0 0 1
    outer loop
      vertex -41.6407 69.4821 1
      vertex 0 34 1
      vertex -41.193 72.1938 1
    endloop
  endfacet
  facet normal 0 0 1
    outer loop
      vertex 0 34 1
      vertex -41.193 55.8062 1
      vertex -40.5689 53.1296 1
    endloop
  endfacet
  facet normal -0 0 1
    outer loop
      vertex -41.9101 66.7469 1
      vertex 0 34 1
      vertex -41.6407 69.4821 1
    endloop
  endfacet
  facet normal 0 0 1
    outer loop
      vertex 0 34 1
      vertex -41.6407 58.5179 1
      vertex -41.193 55.8062 1
    endloop
  endfacet
  facet normal -0 0 1
    outer loop
      vertex -42 64 1
      vertex 0 34 1
      vertex -41.9101 66.7469 1
    endloop
  endfacet
  facet normal 0 0 1
    outer loop
      vertex 0 34 1
      vertex -41.9101 61.2531 1
      vertex -41.6407 58.5179 1
    endloop
  endfacet
  facet normal 0 0 1
    outer loop
      vertex 0 34 1
      vertex -42 64 1
      vertex -41.9101 61.2531 1
    endloop
  endfacet
  facet normal 0.0313703 0.960095 -0.27791
    outer loop
      vertex 2.38721 100.422 -18
      vertex 0 100.5 -18
      vertex 2.74693 105.91 1
    endloop
  endfacet
  facet normal -0.0314562 0.960089 -0.27792
    outer loop
      vertex 0 100.5 -18
      vertex -2.74693 105.91 1
      vertex 0 106 1
    endloop
  endfacet
  facet normal 0.0941102 0.955982 -0.277923
    outer loop
      vertex 4.76421 100.188 -18
      vertex 2.38721 100.422 -18
      vertex 5.4821 105.641 1
    endloop
  endfacet
  facet normal 0.919244 0.278838 -0.277921
    outer loop
      vertex 35.2563 73.4469 -18
      vertex 34.563 75.7325 -18
      vertex 39.7711 77.5005 1
    endloop
  endfacet
  facet normal 0.656657 0.701115 -0.27792
    outer loop
      vertex 29.6985 93.6985 1
      vertex 24.0661 91.4422 -18
      vertex 27.6925 95.5773 1
    endloop
  endfacet
  facet normal -0.780817 -0.559539 -0.277923
    outer loop
      vertex -33.3208 38.432 1
      vertex -34.9217 40.666 1
      vertex -30.3486 43.7217 -18
    endloop
  endfacet
  facet normal 0.947778 0.156448 -0.277923
    outer loop
      vertex 36.1877 68.7642 -18
      vertex 35.7987 71.1208 -18
      vertex 41.6407 69.4821 1
    endloop
  endfacet
  facet normal 0.695973 0.651938 -0.300996
    outer loop
      vertex 131.442 88.0661 -18
      vertex 129.809 89.8094 -18
      vertex 134.052 94.052 1
    endloop
  endfacet
  facet normal -0.449539 0.841026 -0.300983
    outer loop
      vertex 85.75 95.6099 -18
      vertex 82.75 100.806 1
      vertex 85.2027 102.117 1
    endloop
  endfacet
  facet normal -0.809823 0.503581 -0.300987
    outer loop
      vertex 72.3901 82.25 -18
      vertex 67.1939 85.25 1
      vertex 68.6625 87.6117 1
    endloop
  endfacet
  facet normal 0.953118 0.0312037 -0.300985
    outer loop
      vertex 146.5 64 1
      vertex 140.5 64 -18
      vertex 146.409 66.7796 1
    endloop
  endfacet
  facet normal 0.953123 0.0311426 -0.300977
    outer loop
      vertex 140.5 64 -18
      vertex 140.422 66.3872 -18
      vertex 146.409 66.7796 1
    endloop
  endfacet
  facet normal -0.95312 0.0311824 -0.300982
    outer loop
      vertex 67.5 64 -18
      vertex 61.591 66.7796 1
      vertex 67.5781 66.3872 -18
    endloop
  endfacet
  facet normal 0.0933861 -0.949045 -0.300985
    outer loop
      vertex 106.387 27.5781 -18
      vertex 106.884 21.9184 0
      vertex 106.759 21.9061 0
    endloop
  endfacet
  facet normal 0.093506 -0.949034 -0.300984
    outer loop
      vertex 106.884 21.9184 0
      vertex 106.387 27.5781 -18
      vertex 108.764 27.8123 -18
    endloop
  endfacet
  facet normal -0.336175 -0.892421 -0.300951
    outer loop
      vertex 90.0321 30.2784 -18
      vertex 90.4403 24.0545 0
      vertex 90.3227 24.0988 0
    endloop
  endfacet
  facet normal -0.335935 -0.8925 -0.300983
    outer loop
      vertex 90.4403 24.0545 0
      vertex 90.0321 30.2784 -18
      vertex 92.2675 29.437 -18
    endloop
  endfacet
  facet normal 0.15532 -0.940895 -0.300986
    outer loop
      vertex 109.506 22.1767 0
      vertex 108.764 27.8123 -18
      vertex 112.106 22.6059 0
    endloop
  endfacet
  facet normal -0.775165 0.555452 -0.300985
    outer loop
      vertex 73.6514 84.2783 -18
      vertex 70.2825 89.8724 1
      vertex 75.0426 86.2198 -18
    endloop
  endfacet
  facet normal 0.651955 -0.695957 -0.300995
    outer loop
      vertex 134.052 33.948 1
      vertex 128.066 36.5578 -18
      vertex 129.809 38.1906 -18
    endloop
  endfacet
  facet normal 0.809882 -0.503506 -0.300952
    outer loop
      vertex 139.337 40.3883 1
      vertex 134.349 43.7217 -18
      vertex 135.61 45.75 -18
    endloop
  endfacet
  facet normal -0.216373 0.928756 -0.300989
    outer loop
      vertex 94.5531 99.2563 -18
      vertex 93.0002 105.052 1
      vertex 95.7087 105.683 1
    endloop
  endfacet
  facet normal 0.775005 -0.555656 -0.30102
    outer loop
      vertex 137.718 38.1276 1
      vertex 132.957 41.7802 -18
      vertex 134.349 43.7217 -18
    endloop
  endfacet
  facet normal -0.949037 -0.0934704 -0.300986
    outer loop
      vertex 61.8636 58.4526 1
      vertex 61.591 61.2204 1
      vertex 67.8123 59.2358 -18
    endloop
  endfacet
  facet normal 0.696039 -0.651872 -0.300985
    outer loop
      vertex 134.052 33.948 1
      vertex 131.442 39.9339 -18
      vertex 135.953 35.9778 1
    endloop
  endfacet
  facet normal 0.0934919 -0.949035 -0.300986
    outer loop
      vertex 109.506 22.1767 0
      vertex 106.884 21.9184 0
      vertex 108.764 27.8123 -18
    endloop
  endfacet
  facet normal -0.928713 0.216568 -0.300982
    outer loop
      vertex 68.7437 73.4469 -18
      vertex 62.3166 72.2913 1
      vertex 62.9482 74.9998 1
    endloop
  endfacet
  facet normal 0.737039 -0.605114 -0.301015
    outer loop
      vertex 135.953 35.9778 1
      vertex 132.957 41.7802 -18
      vertex 137.718 38.1276 1
    endloop
  endfacet
  facet normal -0.940892 -0.155335 -0.300987
    outer loop
      vertex 62.3166 55.7087 1
      vertex 61.8636 58.4526 1
      vertex 67.8123 59.2358 -18
    endloop
  endfacet
  facet normal -0.0934883 -0.949035 -0.300986
    outer loop
      vertex 101.116 21.9184 0
      vertex 98.4939 22.1767 0
      vertex 99.2358 27.8123 -18
    endloop
  endfacet
  facet normal 0.949033 -0.0936072 -0.300956
    outer loop
      vertex 146.136 58.4526 1
      vertex 140.188 59.2358 -18
      vertex 146.409 61.2204 1
    endloop
  endfacet
  facet normal -0.841024 -0.449539 -0.300987
    outer loop
      vertex 67.1939 42.75 1
      vertex 65.8829 45.2027 1
      vertex 72.3901 45.75 -18
    endloop
  endfacet
  facet normal -0.868634 0.393552 -0.300984
    outer loop
      vertex 70.2784 77.9679 -18
      vertex 65.8829 82.7973 1
      vertex 71.2641 80.1435 -18
    endloop
  endfacet
  facet normal 0.155287 -0.940902 -0.300982
    outer loop
      vertex 111.121 28.2013 -18
      vertex 112.106 22.6059 0
      vertex 108.764 27.8123 -18
    endloop
  endfacet
  facet normal 0.154807 -0.940981 -0.300981
    outer loop
      vertex 112.106 22.6059 0
      vertex 111.121 28.2013 -18
      vertex 112.23 22.6263 0
    endloop
  endfacet
  facet normal 0.928672 -0.216787 -0.30095
    outer loop
      vertex 145.683 55.7087 1
      vertex 139.256 54.5531 -18
      vertex 139.799 56.8792 -18
    endloop
  endfacet
  facet normal 0.335905 -0.892513 -0.300979
    outer loop
      vertex 120.143 25.0269 0
      vertex 117.677 24.0988 0
      vertex 117.968 30.2784 -18
    endloop
  endfacet
  facet normal 0.912596 -0.276702 -0.301005
    outer loop
      vertex 145.052 53.0002 1
      vertex 138.563 52.2675 -18
      vertex 139.256 54.5531 -18
    endloop
  endfacet
  facet normal -0.276876 -0.912553 -0.300975
    outer loop
      vertex 92.2675 29.437 -18
      vertex 93.0819 23.2532 0
      vertex 92.9616 23.2897 0
    endloop
  endfacet
  facet normal -0.276813 -0.912569 -0.300984
    outer loop
      vertex 93.0819 23.2532 0
      vertex 92.2675 29.437 -18
      vertex 94.5531 28.7437 -18
    endloop
  endfacet
  facet normal -0.604977 0.737164 -0.300985
    outer loop
      vertex 81.7802 92.9574 -18
      vertex 75.9778 95.9532 1
      vertex 78.1276 97.7175 1
    endloop
  endfacet
  facet normal -0.949035 0.0935061 -0.300982
    outer loop
      vertex 67.5781 66.3872 -18
      vertex 61.591 66.7796 1
      vertex 67.8123 68.7642 -18
    endloop
  endfacet
  facet normal -0.940897 -0.155312 -0.300984
    outer loop
      vertex 68.2013 56.8792 -18
      vertex 62.3166 55.7087 1
      vertex 67.8123 59.2358 -18
    endloop
  endfacet
  facet normal -0.604659 -0.737426 -0.300981
    outer loop
      vertex 79.9339 36.5578 -18
      vertex 76.2832 32.2045 0
      vertex 76.186 32.2842 0
    endloop
  endfacet
  facet normal -0.604972 -0.737169 -0.300983
    outer loop
      vertex 76.2832 32.2045 0
      vertex 79.9339 36.5578 -18
      vertex 81.7802 35.0426 -18
    endloop
  endfacet
  facet normal 0.953123 -0.0311426 -0.300977
    outer loop
      vertex 146.409 61.2204 1
      vertex 140.422 61.6128 -18
      vertex 140.5 64 -18
    endloop
  endfacet
  facet normal 0.953118 -0.0312037 -0.300985
    outer loop
      vertex 146.409 61.2204 1
      vertex 140.5 64 -18
      vertex 146.5 64 1
    endloop
  endfacet
  facet normal 0.775323 -0.555247 -0.300956
    outer loop
      vertex 137.718 38.1276 1
      vertex 134.349 43.7217 -18
      vertex 139.337 40.3883 1
    endloop
  endfacet
  facet normal -0.651901 -0.696012 -0.300985
    outer loop
      vertex 74.3541 34 0
      vertex 79.9339 36.5578 -18
      vertex 76.186 32.2842 0
    endloop
  endfacet
  facet normal -0.651863 -0.69605 -0.300979
    outer loop
      vertex 79.9339 36.5578 -18
      vertex 74.3541 34 0
      vertex 74.0673 34 0.621154
    endloop
  endfacet
  facet normal 0.335987 0.892478 -0.300992
    outer loop
      vertex 117.968 97.7216 -18
      vertex 115.733 98.563 -18
      vertex 117.661 104.245 1
    endloop
  endfacet
  facet normal -0.503587 0.809819 -0.300987
    outer loop
      vertex 83.7217 94.3486 -18
      vertex 80.3883 99.3375 1
      vertex 85.75 95.6099 -18
    endloop
  endfacet
  facet normal 0.276769 -0.912584 -0.300982
    outer loop
      vertex 115.733 29.437 -18
      vertex 114.918 23.2532 0
      vertex 113.447 28.7437 -18
    endloop
  endfacet
  facet normal 0.277518 -0.912389 -0.300881
    outer loop
      vertex 114.918 23.2532 0
      vertex 115.733 29.437 -18
      vertex 115.038 23.2897 0
    endloop
  endfacet
  facet normal 0.928752 -0.216372 -0.301003
    outer loop
      vertex 145.052 53.0002 1
      vertex 139.256 54.5531 -18
      vertex 145.683 55.7087 1
    endloop
  endfacet
  facet normal 0.892468 -0.33603 -0.300974
    outer loop
      vertex 143.265 47.736 1
      vertex 137.722 50.0321 -18
      vertex 144.245 50.3388 1
    endloop
  endfacet
  facet normal 0.555579 -0.775067 -0.301002
    outer loop
      vertex 127.612 28.6625 1
      vertex 124.278 33.6514 -18
      vertex 129.872 30.2825 1
    endloop
  endfacet
  facet normal 0.651875 -0.696038 -0.300981
    outer loop
      vertex 132.022 32.0468 1
      vertex 128.066 36.5578 -18
      vertex 134.052 33.948 1
    endloop
  endfacet
  facet normal 0.775323 0.555247 -0.300956
    outer loop
      vertex 139.337 87.6117 1
      vertex 134.349 84.2783 -18
      vertex 137.718 89.8724 1
    endloop
  endfacet
  facet normal 0.809764 -0.503681 -0.300978
    outer loop
      vertex 139.337 40.3883 1
      vertex 135.61 45.75 -18
      vertex 140.806 42.75 1
    endloop
  endfacet
  facet normal -0.696015 -0.651898 -0.300985
    outer loop
      vertex 74 34 0.766951
      vertex 76.5578 39.9339 -18
      vertex 78.1906 38.1906 -18
    endloop
  endfacet
  facet normal -0.695175 -0.652726 -0.301132
    outer loop
      vertex 76.5578 39.9339 -18
      vertex 74 34 0.766951
      vertex 73.9706 34 0.834822
    endloop
  endfacet
  facet normal 0.0311992 0.953118 -0.300985
    outer loop
      vertex 106.78 106.409 1
      vertex 104 100.5 -18
      vertex 104 106.5 1
    endloop
  endfacet
  facet normal -0.949035 -0.0935061 -0.300982
    outer loop
      vertex 67.8123 59.2358 -18
      vertex 61.591 61.2204 1
      vertex 67.5781 61.6128 -18
    endloop
  endfacet
  facet normal 0.868607 -0.393621 -0.300973
    outer loop
      vertex 142.117 45.2027 1
      vertex 137.722 50.0321 -18
      vertex 143.265 47.736 1
    endloop
  endfacet
  facet normal -0.336028 0.892463 -0.300991
    outer loop
      vertex 90.0321 97.7216 -18
      vertex 87.736 103.265 1
      vertex 90.3388 104.245 1
    endloop
  endfacet
  facet normal 0.737208 -0.604924 -0.300983
    outer loop
      vertex 135.953 35.9778 1
      vertex 131.442 39.9339 -18
      vertex 132.957 41.7802 -18
    endloop
  endfacet
  facet normal -0.928713 -0.216568 -0.300982
    outer loop
      vertex 62.9482 53.0002 1
      vertex 62.3166 55.7087 1
      vertex 68.7437 54.5531 -18
    endloop
  endfacet
  facet normal -0.696016 0.651899 -0.300982
    outer loop
      vertex 76.5578 88.0661 -18
      vertex 73.948 94.052 1
      vertex 78.1906 89.8094 -18
    endloop
  endfacet
  facet normal -0.868629 -0.393563 -0.300986
    outer loop
      vertex 65.8829 45.2027 1
      vertex 64.7351 47.736 1
      vertex 70.2784 50.0321 -18
    endloop
  endfacet
  facet normal 0.892546 -0.335793 -0.301005
    outer loop
      vertex 144.245 50.3388 1
      vertex 137.722 50.0321 -18
      vertex 138.563 52.2675 -18
    endloop
  endfacet
  facet normal 0.276768 0.91258 -0.300993
    outer loop
      vertex 115.733 98.563 -18
      vertex 113.447 99.2563 -18
      vertex 115 105.052 1
    endloop
  endfacet
  facet normal 0.651955 0.695957 -0.300995
    outer loop
      vertex 129.809 89.8094 -18
      vertex 128.066 91.4422 -18
      vertex 134.052 94.052 1
    endloop
  endfacet
  facet normal 0.841027 -0.44954 -0.300979
    outer loop
      vertex 140.806 42.75 1
      vertex 135.61 45.75 -18
      vertex 142.117 45.2027 1
    endloop
  endfacet
  facet normal 0.216544 -0.928719 -0.300982
    outer loop
      vertex 114.918 23.2532 0
      vertex 112.352 22.6549 0
      vertex 113.447 28.7437 -18
    endloop
  endfacet
  facet normal 0.393562 -0.868631 -0.300979
    outer loop
      vertex 120.143 25.0269 0
      vertex 117.968 30.2784 -18
      vertex 122.543 26.1143 0
    endloop
  endfacet
  facet normal 0.940907 -0.155314 -0.300952
    outer loop
      vertex 145.683 55.7087 1
      vertex 139.799 56.8792 -18
      vertex 140.188 59.2358 -18
    endloop
  endfacet
  facet normal -0.0934982 -0.949035 -0.300984
    outer loop
      vertex 101.613 27.5781 -18
      vertex 101.116 21.9184 0
      vertex 99.2358 27.8123 -18
    endloop
  endfacet
  facet normal -0.0933861 -0.949045 -0.300985
    outer loop
      vertex 101.116 21.9184 0
      vertex 101.613 27.5781 -18
      vertex 101.241 21.9061 0
    endloop
  endfacet
  facet normal -0.503556 0.80984 -0.300983
    outer loop
      vertex 85.75 95.6099 -18
      vertex 80.3883 99.3375 1
      vertex 82.75 100.806 1
    endloop
  endfacet
  facet normal 0.155404 0.940888 -0.300963
    outer loop
      vertex 111.121 99.7987 -18
      vertex 108.764 100.188 -18
      vertex 112.291 105.683 1
    endloop
  endfacet
  facet normal 0.449637 -0.840973 -0.300982
    outer loop
      vertex 122.25 32.3901 -18
      vertex 122.658 26.1661 0
      vertex 120.144 31.2641 -18
    endloop
  endfacet
  facet normal 0.452589 -0.839542 -0.300554
    outer loop
      vertex 122.658 26.1661 0
      vertex 122.25 32.3901 -18
      vertex 122.768 26.2254 0
    endloop
  endfacet
  facet normal 0.912596 0.276702 -0.301005
    outer loop
      vertex 139.256 73.4469 -18
      vertex 138.563 75.7325 -18
      vertex 145.052 74.9998 1
    endloop
  endfacet
  facet normal 0.276758 0.912583 -0.300994
    outer loop
      vertex 115.733 98.563 -18
      vertex 115 105.052 1
      vertex 117.661 104.245 1
    endloop
  endfacet
  facet normal 0 0 -1
    outer loop
      vertex 140.422 61.6128 -18
      vertex 140.422 66.3872 -18
      vertex 140.5 64 -18
    endloop
  endfacet
  facet normal 0 0 -1
    outer loop
      vertex 140.188 59.2358 -18
      vertex 140.422 66.3872 -18
      vertex 140.422 61.6128 -18
    endloop
  endfacet
  facet normal 0 0 -1
    outer loop
      vertex 140.188 59.2358 -18
      vertex 140.188 68.7642 -18
      vertex 140.422 66.3872 -18
    endloop
  endfacet
  facet normal 0 0 -1
    outer loop
      vertex 139.799 56.8792 -18
      vertex 140.188 68.7642 -18
      vertex 140.188 59.2358 -18
    endloop
  endfacet
  facet normal 0 0 -1
    outer loop
      vertex 139.799 56.8792 -18
      vertex 139.799 71.1208 -18
      vertex 140.188 68.7642 -18
    endloop
  endfacet
  facet normal 0 0 -1
    outer loop
      vertex 139.256 54.5531 -18
      vertex 139.799 71.1208 -18
      vertex 139.799 56.8792 -18
    endloop
  endfacet
  facet normal 0 0 -1
    outer loop
      vertex 139.256 54.5531 -18
      vertex 139.256 73.4469 -18
      vertex 139.799 71.1208 -18
    endloop
  endfacet
  facet normal 0 0 -1
    outer loop
      vertex 138.563 52.2675 -18
      vertex 139.256 73.4469 -18
      vertex 139.256 54.5531 -18
    endloop
  endfacet
  facet normal 0 0 -1
    outer loop
      vertex 138.563 52.2675 -18
      vertex 138.563 75.7325 -18
      vertex 139.256 73.4469 -18
    endloop
  endfacet
  facet normal 0 0 -1
    outer loop
      vertex 137.722 50.0321 -18
      vertex 138.563 75.7325 -18
      vertex 138.563 52.2675 -18
    endloop
  endfacet
  facet normal 0 0 -1
    outer loop
      vertex 137.722 50.0321 -18
      vertex 137.722 77.9679 -18
      vertex 138.563 75.7325 -18
    endloop
  endfacet
  facet normal 0 0 -1
    outer loop
      vertex 136.736 47.8565 -18
      vertex 137.722 77.9679 -18
      vertex 137.722 50.0321 -18
    endloop
  endfacet
  facet normal 0 0 -1
    outer loop
      vertex 136.736 47.8565 -18
      vertex 136.736 80.1435 -18
      vertex 137.722 77.9679 -18
    endloop
  endfacet
  facet normal 0 0 -1
    outer loop
      vertex 135.61 45.75 -18
      vertex 136.736 80.1435 -18
      vertex 136.736 47.8565 -18
    endloop
  endfacet
  facet normal 0 0 -1
    outer loop
      vertex 135.61 45.75 -18
      vertex 135.61 82.25 -18
      vertex 136.736 80.1435 -18
    endloop
  endfacet
  facet normal 0 0 -1
    outer loop
      vertex 134.349 43.7217 -18
      vertex 135.61 82.25 -18
      vertex 135.61 45.75 -18
    endloop
  endfacet
  facet normal 0 0 -1
    outer loop
      vertex 134.349 43.7217 -18
      vertex 134.349 84.2783 -18
      vertex 135.61 82.25 -18
    endloop
  endfacet
  facet normal 0 0 -1
    outer loop
      vertex 132.957 41.7802 -18
      vertex 134.349 84.2783 -18
      vertex 134.349 43.7217 -18
    endloop
  endfacet
  facet normal 0 0 -1
    outer loop
      vertex 132.957 41.7802 -18
      vertex 132.957 86.2198 -18
      vertex 134.349 84.2783 -18
    endloop
  endfacet
  facet normal 0 0 -1
    outer loop
      vertex 131.442 39.9339 -18
      vertex 132.957 86.2198 -18
      vertex 132.957 41.7802 -18
    endloop
  endfacet
  facet normal 0 0 -1
    outer loop
      vertex 131.442 39.9339 -18
      vertex 131.442 88.0661 -18
      vertex 132.957 86.2198 -18
    endloop
  endfacet
  facet normal 0 0 -1
    outer loop
      vertex 129.809 38.1906 -18
      vertex 131.442 88.0661 -18
      vertex 131.442 39.9339 -18
    endloop
  endfacet
  facet normal 0 0 -1
    outer loop
      vertex 129.809 38.1906 -18
      vertex 129.809 89.8094 -18
      vertex 131.442 88.0661 -18
    endloop
  endfacet
  facet normal 0 0 -1
    outer loop
      vertex 128.066 36.5578 -18
      vertex 129.809 89.8094 -18
      vertex 129.809 38.1906 -18
    endloop
  endfacet
  facet normal 0 0 -1
    outer loop
      vertex 128.066 36.5578 -18
      vertex 128.066 91.4422 -18
      vertex 129.809 89.8094 -18
    endloop
  endfacet
  facet normal 0 0 -1
    outer loop
      vertex 126.22 35.0426 -18
      vertex 128.066 91.4422 -18
      vertex 128.066 36.5578 -18
    endloop
  endfacet
  facet normal 0 0 -1
    outer loop
      vertex 126.22 35.0426 -18
      vertex 126.22 92.9574 -18
      vertex 128.066 91.4422 -18
    endloop
  endfacet
  facet normal 0 0 -1
    outer loop
      vertex 124.278 33.6514 -18
      vertex 126.22 92.9574 -18
      vertex 126.22 35.0426 -18
    endloop
  endfacet
  facet normal 0 0 -1
    outer loop
      vertex 124.278 33.6514 -18
      vertex 124.278 94.3486 -18
      vertex 126.22 92.9574 -18
    endloop
  endfacet
  facet normal 0 0 -1
    outer loop
      vertex 122.25 32.3901 -18
      vertex 124.278 94.3486 -18
      vertex 124.278 33.6514 -18
    endloop
  endfacet
  facet normal 0 0 -1
    outer loop
      vertex 122.25 32.3901 -18
      vertex 122.25 95.6099 -18
      vertex 124.278 94.3486 -18
    endloop
  endfacet
  facet normal 0 0 -1
    outer loop
      vertex 120.144 31.2641 -18
      vertex 122.25 95.6099 -18
      vertex 122.25 32.3901 -18
    endloop
  endfacet
  facet normal 0 0 -1
    outer loop
      vertex 120.144 31.2641 -18
      vertex 120.144 96.7359 -18
      vertex 122.25 95.6099 -18
    endloop
  endfacet
  facet normal 0 0 -1
    outer loop
      vertex 117.968 30.2784 -18
      vertex 120.144 96.7359 -18
      vertex 120.144 31.2641 -18
    endloop
  endfacet
  facet normal 0 0 -1
    outer loop
      vertex 117.968 30.2784 -18
      vertex 117.968 97.7216 -18
      vertex 120.144 96.7359 -18
    endloop
  endfacet
  facet normal 0 0 -1
    outer loop
      vertex 115.733 29.437 -18
      vertex 117.968 97.7216 -18
      vertex 117.968 30.2784 -18
    endloop
  endfacet
  facet normal 0 0 -1
    outer loop
      vertex 115.733 29.437 -18
      vertex 115.733 98.563 -18
      vertex 117.968 97.7216 -18
    endloop
  endfacet
  facet normal 0 0 -1
    outer loop
      vertex 113.447 28.7437 -18
      vertex 115.733 98.563 -18
      vertex 115.733 29.437 -18
    endloop
  endfacet
  facet normal 0 0 -1
    outer loop
      vertex 113.447 28.7437 -18
      vertex 113.447 99.2563 -18
      vertex 115.733 98.563 -18
    endloop
  endfacet
  facet normal 0 0 -1
    outer loop
      vertex 111.121 28.2013 -18
      vertex 113.447 99.2563 -18
      vertex 113.447 28.7437 -18
    endloop
  endfacet
  facet normal 0 0 -1
    outer loop
      vertex 111.121 28.2013 -18
      vertex 111.121 99.7987 -18
      vertex 113.447 99.2563 -18
    endloop
  endfacet
  facet normal 0 0 -1
    outer loop
      vertex 108.764 27.8123 -18
      vertex 111.121 99.7987 -18
      vertex 111.121 28.2013 -18
    endloop
  endfacet
  facet normal 0 0 -1
    outer loop
      vertex 108.764 27.8123 -18
      vertex 108.764 100.188 -18
      vertex 111.121 99.7987 -18
    endloop
  endfacet
  facet normal 0 0 -1
    outer loop
      vertex 106.387 27.5781 -18
      vertex 108.764 100.188 -18
      vertex 108.764 27.8123 -18
    endloop
  endfacet
  facet normal 0 0 -1
    outer loop
      vertex 106.387 27.5781 -18
      vertex 106.387 100.422 -18
      vertex 108.764 100.188 -18
    endloop
  endfacet
  facet normal 0 0 -1
    outer loop
      vertex 104 27.5 -18
      vertex 106.387 100.422 -18
      vertex 106.387 27.5781 -18
    endloop
  endfacet
  facet normal 0 0 -1
    outer loop
      vertex 104 27.5 -18
      vertex 104 100.5 -18
      vertex 106.387 100.422 -18
    endloop
  endfacet
  facet normal 0 0 -1
    outer loop
      vertex 101.613 27.5781 -18
      vertex 104 100.5 -18
      vertex 104 27.5 -18
    endloop
  endfacet
  facet normal 0 0 -1
    outer loop
      vertex 101.613 27.5781 -18
      vertex 101.613 100.422 -18
      vertex 104 100.5 -18
    endloop
  endfacet
  facet normal 0 0 -1
    outer loop
      vertex 99.2358 27.8123 -18
      vertex 101.613 100.422 -18
      vertex 101.613 27.5781 -18
    endloop
  endfacet
  facet normal 0 0 -1
    outer loop
      vertex 99.2358 27.8123 -18
      vertex 99.2358 100.188 -18
      vertex 101.613 100.422 -18
    endloop
  endfacet
  facet normal 0 0 -1
    outer loop
      vertex 96.8792 28.2013 -18
      vertex 99.2358 100.188 -18
      vertex 99.2358 27.8123 -18
    endloop
  endfacet
  facet normal 0 0 -1
    outer loop
      vertex 96.8792 28.2013 -18
      vertex 96.8792 99.7987 -18
      vertex 99.2358 100.188 -18
    endloop
  endfacet
  facet normal 0 0 -1
    outer loop
      vertex 94.5531 28.7437 -18
      vertex 96.8792 99.7987 -18
      vertex 96.8792 28.2013 -18
    endloop
  endfacet
  facet normal 0 0 -1
    outer loop
      vertex 94.5531 28.7437 -18
      vertex 94.5531 99.2563 -18
      vertex 96.8792 99.7987 -18
    endloop
  endfacet
  facet normal 0 0 -1
    outer loop
      vertex 92.2675 29.437 -18
      vertex 94.5531 99.2563 -18
      vertex 94.5531 28.7437 -18
    endloop
  endfacet
  facet normal 0 0 -1
    outer loop
      vertex 92.2675 29.437 -18
      vertex 92.2675 98.563 -18
      vertex 94.5531 99.2563 -18
    endloop
  endfacet
  facet normal 0 0 -1
    outer loop
      vertex 90.0321 30.2784 -18
      vertex 92.2675 98.563 -18
      vertex 92.2675 29.437 -18
    endloop
  endfacet
  facet normal 0 0 -1
    outer loop
      vertex 90.0321 30.2784 -18
      vertex 90.0321 97.7216 -18
      vertex 92.2675 98.563 -18
    endloop
  endfacet
  facet normal 0 0 -1
    outer loop
      vertex 87.8565 31.2641 -18
      vertex 90.0321 97.7216 -18
      vertex 90.0321 30.2784 -18
    endloop
  endfacet
  facet normal 0 0 -1
    outer loop
      vertex 87.8565 31.2641 -18
      vertex 87.8565 96.7359 -18
      vertex 90.0321 97.7216 -18
    endloop
  endfacet
  facet normal 0 0 -1
    outer loop
      vertex 85.75 32.3901 -18
      vertex 87.8565 96.7359 -18
      vertex 87.8565 31.2641 -18
    endloop
  endfacet
  facet normal 0 0 -1
    outer loop
      vertex 85.75 32.3901 -18
      vertex 85.75 95.6099 -18
      vertex 87.8565 96.7359 -18
    endloop
  endfacet
  facet normal 0 0 -1
    outer loop
      vertex 83.7217 33.6514 -18
      vertex 85.75 95.6099 -18
      vertex 85.75 32.3901 -18
    endloop
  endfacet
  facet normal 0 0 -1
    outer loop
      vertex 83.7217 33.6514 -18
      vertex 83.7217 94.3486 -18
      vertex 85.75 95.6099 -18
    endloop
  endfacet
  facet normal 0 0 -1
    outer loop
      vertex 81.7802 35.0426 -18
      vertex 83.7217 94.3486 -18
      vertex 83.7217 33.6514 -18
    endloop
  endfacet
  facet normal 0 0 -1
    outer loop
      vertex 81.7802 35.0426 -18
      vertex 81.7802 92.9574 -18
      vertex 83.7217 94.3486 -18
    endloop
  endfacet
  facet normal 0 0 -1
    outer loop
      vertex 79.9339 36.5578 -18
      vertex 81.7802 92.9574 -18
      vertex 81.7802 35.0426 -18
    endloop
  endfacet
  facet normal 0 0 -1
    outer loop
      vertex 79.9339 36.5578 -18
      vertex 79.9339 91.4422 -18
      vertex 81.7802 92.9574 -18
    endloop
  endfacet
  facet normal 0 0 -1
    outer loop
      vertex 78.1906 38.1906 -18
      vertex 79.9339 91.4422 -18
      vertex 79.9339 36.5578 -18
    endloop
  endfacet
  facet normal 0 0 -1
    outer loop
      vertex 78.1906 38.1906 -18
      vertex 78.1906 89.8094 -18
      vertex 79.9339 91.4422 -18
    endloop
  endfacet
  facet normal 0 0 -1
    outer loop
      vertex 76.5578 39.9339 -18
      vertex 78.1906 89.8094 -18
      vertex 78.1906 38.1906 -18
    endloop
  endfacet
  facet normal 0 0 -1
    outer loop
      vertex 76.5578 39.9339 -18
      vertex 76.5578 88.0661 -18
      vertex 78.1906 89.8094 -18
    endloop
  endfacet
  facet normal 0 0 -1
    outer loop
      vertex 75.0426 41.7802 -18
      vertex 76.5578 88.0661 -18
      vertex 76.5578 39.9339 -18
    endloop
  endfacet
  facet normal 0 0 -1
    outer loop
      vertex 75.0426 41.7802 -18
      vertex 75.0426 86.2198 -18
      vertex 76.5578 88.0661 -18
    endloop
  endfacet
  facet normal 0 0 -1
    outer loop
      vertex 73.6514 43.7217 -18
      vertex 75.0426 86.2198 -18
      vertex 75.0426 41.7802 -18
    endloop
  endfacet
  facet normal 0 0 -1
    outer loop
      vertex 73.6514 43.7217 -18
      vertex 73.6514 84.2783 -18
      vertex 75.0426 86.2198 -18
    endloop
  endfacet
  facet normal 0 0 -1
    outer loop
      vertex 72.3901 45.75 -18
      vertex 73.6514 84.2783 -18
      vertex 73.6514 43.7217 -18
    endloop
  endfacet
  facet normal 0 0 -1
    outer loop
      vertex 72.3901 45.75 -18
      vertex 72.3901 82.25 -18
      vertex 73.6514 84.2783 -18
    endloop
  endfacet
  facet normal 0 0 -1
    outer loop
      vertex 71.2641 47.8565 -18
      vertex 72.3901 82.25 -18
      vertex 72.3901 45.75 -18
    endloop
  endfacet
  facet normal 0 0 -1
    outer loop
      vertex 71.2641 47.8565 -18
      vertex 71.2641 80.1435 -18
      vertex 72.3901 82.25 -18
    endloop
  endfacet
  facet normal 0 0 -1
    outer loop
      vertex 70.2784 50.0321 -18
      vertex 71.2641 80.1435 -18
      vertex 71.2641 47.8565 -18
    endloop
  endfacet
  facet normal 0 0 -1
    outer loop
      vertex 70.2784 50.0321 -18
      vertex 70.2784 77.9679 -18
      vertex 71.2641 80.1435 -18
    endloop
  endfacet
  facet normal 0 0 -1
    outer loop
      vertex 69.437 52.2675 -18
      vertex 70.2784 77.9679 -18
      vertex 70.2784 50.0321 -18
    endloop
  endfacet
  facet normal 0 0 -1
    outer loop
      vertex 69.437 52.2675 -18
      vertex 69.437 75.7325 -18
      vertex 70.2784 77.9679 -18
    endloop
  endfacet
  facet normal 0 0 -1
    outer loop
      vertex 68.7437 54.5531 -18
      vertex 69.437 75.7325 -18
      vertex 69.437 52.2675 -18
    endloop
  endfacet
  facet normal 0 0 -1
    outer loop
      vertex 68.7437 54.5531 -18
      vertex 68.7437 73.4469 -18
      vertex 69.437 75.7325 -18
    endloop
  endfacet
  facet normal 0 0 -1
    outer loop
      vertex 68.2013 56.8792 -18
      vertex 68.7437 73.4469 -18
      vertex 68.7437 54.5531 -18
    endloop
  endfacet
  facet normal 0 0 -1
    outer loop
      vertex 68.2013 56.8792 -18
      vertex 68.2013 71.1208 -18
      vertex 68.7437 73.4469 -18
    endloop
  endfacet
  facet normal 0 0 -1
    outer loop
      vertex 67.8123 59.2358 -18
      vertex 68.2013 71.1208 -18
      vertex 68.2013 56.8792 -18
    endloop
  endfacet
  facet normal 0 0 -1
    outer loop
      vertex 67.8123 59.2358 -18
      vertex 67.8123 68.7642 -18
      vertex 68.2013 71.1208 -18
    endloop
  endfacet
  facet normal 0 0 -1
    outer loop
      vertex 67.5781 61.6128 -18
      vertex 67.8123 68.7642 -18
      vertex 67.8123 59.2358 -18
    endloop
  endfacet
  facet normal 0 0 -1
    outer loop
      vertex 67.5781 61.6128 -18
      vertex 67.5781 66.3872 -18
      vertex 67.8123 68.7642 -18
    endloop
  endfacet
  facet normal 0 -0 -1
    outer loop
      vertex 67.5781 66.3872 -18
      vertex 67.5781 61.6128 -18
      vertex 67.5 64 -18
    endloop
  endfacet
  facet normal -0.65205 -0.695872 -0.300987
    outer loop
      vertex 78.1906 38.1906 -18
      vertex 74.0673 34 0.621154
      vertex 74 34 0.766951
    endloop
  endfacet
  facet normal -0.651898 -0.696015 -0.300985
    outer loop
      vertex 74.0673 34 0.621154
      vertex 78.1906 38.1906 -18
      vertex 79.9339 36.5578 -18
    endloop
  endfacet
  facet normal 0.892546 0.335793 -0.301005
    outer loop
      vertex 138.563 75.7325 -18
      vertex 137.722 77.9679 -18
      vertex 144.245 77.6612 1
    endloop
  endfacet
  facet normal 0 0 1
    outer loop
      vertex 125.333 34 1
      vertex 146.5 64 1
      vertex 146.409 66.7796 1
    endloop
  endfacet
  facet normal 0 0 1
    outer loop
      vertex 125.333 34 1
      vertex 146.409 66.7796 1
      vertex 146.136 69.5474 1
    endloop
  endfacet
  facet normal 0 0 1
    outer loop
      vertex 146.5 64 1
      vertex 125.333 34 1
      vertex 146.409 61.2204 1
    endloop
  endfacet
  facet normal 0 0 1
    outer loop
      vertex 125.333 34 1
      vertex 146.136 69.5474 1
      vertex 145.683 72.2913 1
    endloop
  endfacet
  facet normal 0 0 1
    outer loop
      vertex 146.409 61.2204 1
      vertex 125.333 34 1
      vertex 146.136 58.4526 1
    endloop
  endfacet
  facet normal 0 0 1
    outer loop
      vertex 125.333 34 1
      vertex 145.683 72.2913 1
      vertex 145.052 74.9998 1
    endloop
  endfacet
  facet normal 0 0 1
    outer loop
      vertex 146.136 58.4526 1
      vertex 125.333 34 1
      vertex 145.683 55.7087 1
    endloop
  endfacet
  facet normal 0 0 1
    outer loop
      vertex 125.333 34 1
      vertex 145.052 74.9998 1
      vertex 144.245 77.6612 1
    endloop
  endfacet
  facet normal 0 0 1
    outer loop
      vertex 145.683 55.7087 1
      vertex 125.333 34 1
      vertex 145.052 53.0002 1
    endloop
  endfacet
  facet normal 0 0 1
    outer loop
      vertex 125.333 34 1
      vertex 144.245 77.6612 1
      vertex 143.265 80.264 1
    endloop
  endfacet
  facet normal 0 0 1
    outer loop
      vertex 145.052 53.0002 1
      vertex 125.333 34 1
      vertex 144.245 50.3388 1
    endloop
  endfacet
  facet normal 0 0 1
    outer loop
      vertex 125.333 34 1
      vertex 143.265 80.264 1
      vertex 142.117 82.7973 1
    endloop
  endfacet
  facet normal 0 0 1
    outer loop
      vertex 144.245 50.3388 1
      vertex 125.333 34 1
      vertex 143.265 47.736 1
    endloop
  endfacet
  facet normal 0 0 1
    outer loop
      vertex 125.333 34 1
      vertex 142.117 82.7973 1
      vertex 140.806 85.25 1
    endloop
  endfacet
  facet normal 0 0 1
    outer loop
      vertex 143.265 47.736 1
      vertex 125.333 34 1
      vertex 142.117 45.2027 1
    endloop
  endfacet
  facet normal 0 0 1
    outer loop
      vertex 125.333 34 1
      vertex 140.806 85.25 1
      vertex 139.337 87.6117 1
    endloop
  endfacet
  facet normal 0 0 1
    outer loop
      vertex 142.117 45.2027 1
      vertex 125.333 34 1
      vertex 140.806 42.75 1
    endloop
  endfacet
  facet normal 0 0 1
    outer loop
      vertex 125.333 34 1
      vertex 139.337 87.6117 1
      vertex 137.718 89.8724 1
    endloop
  endfacet
  facet normal 0 0 1
    outer loop
      vertex 140.806 42.75 1
      vertex 125.333 34 1
      vertex 139.337 40.3883 1
    endloop
  endfacet
  facet normal 0 0 1
    outer loop
      vertex 125.333 34 1
      vertex 137.718 89.8724 1
      vertex 135.953 92.0222 1
    endloop
  endfacet
  facet normal 0 0 1
    outer loop
      vertex 139.337 40.3883 1
      vertex 125.333 34 1
      vertex 137.718 38.1276 1
    endloop
  endfacet
  facet normal 0 0 1
    outer loop
      vertex 125.333 34 1
      vertex 135.953 92.0222 1
      vertex 134.052 94.052 1
    endloop
  endfacet
  facet normal 0 0 1
    outer loop
      vertex 137.718 38.1276 1
      vertex 125.333 34 1
      vertex 135.953 35.9778 1
    endloop
  endfacet
  facet normal 0 0 1
    outer loop
      vertex 125.333 34 1
      vertex 134.052 94.052 1
      vertex 132.022 95.9532 1
    endloop
  endfacet
  facet normal 0 0 1
    outer loop
      vertex 135.953 35.9778 1
      vertex 125.333 34 1
      vertex 134.052 33.948 1
    endloop
  endfacet
  facet normal 0 0 1
    outer loop
      vertex 125.333 34 1
      vertex 132.022 95.9532 1
      vertex 129.872 97.7175 1
    endloop
  endfacet
  facet normal 0 0 1
    outer loop
      vertex 134.052 33.948 1
      vertex 125.333 34 1
      vertex 132.022 32.0468 1
    endloop
  endfacet
  facet normal 0 0 1
    outer loop
      vertex 125.333 34 1
      vertex 129.872 97.7175 1
      vertex 127.612 99.3375 1
    endloop
  endfacet
  facet normal 0 0 1
    outer loop
      vertex 132.022 32.0468 1
      vertex 125.333 34 1
      vertex 129.872 30.2825 1
    endloop
  endfacet
  facet normal 0 0 1
    outer loop
      vertex 129.872 30.2825 1
      vertex 125.333 34 1
      vertex 127.612 28.6625 1
    endloop
  endfacet
  facet normal 0 0 1
    outer loop
      vertex 125.25 100.806 1
      vertex 125.333 34 1
      vertex 127.612 99.3375 1
    endloop
  endfacet
  facet normal 0 0 1
    outer loop
      vertex 122.797 102.117 1
      vertex 125.333 34 1
      vertex 125.25 100.806 1
    endloop
  endfacet
  facet normal 0 0 1
    outer loop
      vertex 120.264 103.265 1
      vertex 125.333 34 1
      vertex 122.797 102.117 1
    endloop
  endfacet
  facet normal 0 0 1
    outer loop
      vertex 117.661 104.245 1
      vertex 125.333 34 1
      vertex 120.264 103.265 1
    endloop
  endfacet
  facet normal 0 0 1
    outer loop
      vertex 115 105.052 1
      vertex 125.333 34 1
      vertex 117.661 104.245 1
    endloop
  endfacet
  facet normal 0 0 1
    outer loop
      vertex 112.291 105.683 1
      vertex 125.333 34 1
      vertex 115 105.052 1
    endloop
  endfacet
  facet normal 0 0 1
    outer loop
      vertex 109.547 106.136 1
      vertex 125.333 34 1
      vertex 112.291 105.683 1
    endloop
  endfacet
  facet normal 0 0 1
    outer loop
      vertex 106.78 106.409 1
      vertex 125.333 34 1
      vertex 109.547 106.136 1
    endloop
  endfacet
  facet normal 0 0 1
    outer loop
      vertex 104 106.5 1
      vertex 125.333 34 1
      vertex 106.78 106.409 1
    endloop
  endfacet
  facet normal -0 0 1
    outer loop
      vertex 101.22 106.409 1
      vertex 125.333 34 1
      vertex 104 106.5 1
    endloop
  endfacet
  facet normal -0 0 1
    outer loop
      vertex 98.4526 106.136 1
      vertex 125.333 34 1
      vertex 101.22 106.409 1
    endloop
  endfacet
  facet normal -0 0 1
    outer loop
      vertex 95.7087 105.683 1
      vertex 125.333 34 1
      vertex 98.4526 106.136 1
    endloop
  endfacet
  facet normal -0 0 1
    outer loop
      vertex 93.0002 105.052 1
      vertex 125.333 34 1
      vertex 95.7087 105.683 1
    endloop
  endfacet
  facet normal -0 0 1
    outer loop
      vertex 90.3388 104.245 1
      vertex 125.333 34 1
      vertex 93.0002 105.052 1
    endloop
  endfacet
  facet normal -0 0 1
    outer loop
      vertex 87.736 103.265 1
      vertex 125.333 34 1
      vertex 90.3388 104.245 1
    endloop
  endfacet
  facet normal -0 0 1
    outer loop
      vertex 85.2027 102.117 1
      vertex 125.333 34 1
      vertex 87.736 103.265 1
    endloop
  endfacet
  facet normal -0 0 1
    outer loop
      vertex 82.75 100.806 1
      vertex 125.333 34 1
      vertex 85.2027 102.117 1
    endloop
  endfacet
  facet normal -0 0 1
    outer loop
      vertex 80.3883 99.3375 1
      vertex 125.333 34 1
      vertex 82.75 100.806 1
    endloop
  endfacet
  facet normal -0 0 1
    outer loop
      vertex 78.1276 97.7175 1
      vertex 125.333 34 1
      vertex 80.3883 99.3375 1
    endloop
  endfacet
  facet normal -0 0 1
    outer loop
      vertex 75.9778 95.9532 1
      vertex 125.333 34 1
      vertex 78.1276 97.7175 1
    endloop
  endfacet
  facet normal -0 0 1
    outer loop
      vertex 73.948 94.052 1
      vertex 125.333 34 1
      vertex 75.9778 95.9532 1
    endloop
  endfacet
  facet normal -0 0 1
    outer loop
      vertex 72.0468 92.0222 1
      vertex 125.333 34 1
      vertex 73.948 94.052 1
    endloop
  endfacet
  facet normal -0 0 1
    outer loop
      vertex 70.2825 89.8724 1
      vertex 125.333 34 1
      vertex 72.0468 92.0222 1
    endloop
  endfacet
  facet normal 0 0 1
    outer loop
      vertex 125.333 34 1
      vertex 72.0468 35.9778 1
      vertex 73.8992 34 1
    endloop
  endfacet
  facet normal -0 0 1
    outer loop
      vertex 68.6625 87.6117 1
      vertex 125.333 34 1
      vertex 70.2825 89.8724 1
    endloop
  endfacet
  facet normal 0 0 1
    outer loop
      vertex 125.333 34 1
      vertex 70.2825 38.1276 1
      vertex 72.0468 35.9778 1
    endloop
  endfacet
  facet normal -0 0 1
    outer loop
      vertex 67.1939 85.25 1
      vertex 125.333 34 1
      vertex 68.6625 87.6117 1
    endloop
  endfacet
  facet normal 0 0 1
    outer loop
      vertex 125.333 34 1
      vertex 68.6625 40.3883 1
      vertex 70.2825 38.1276 1
    endloop
  endfacet
  facet normal -0 0 1
    outer loop
      vertex 65.8829 82.7973 1
      vertex 125.333 34 1
      vertex 67.1939 85.25 1
    endloop
  endfacet
  facet normal 0 0 1
    outer loop
      vertex 125.333 34 1
      vertex 67.1939 42.75 1
      vertex 68.6625 40.3883 1
    endloop
  endfacet
  facet normal -0 0 1
    outer loop
      vertex 64.7351 80.264 1
      vertex 125.333 34 1
      vertex 65.8829 82.7973 1
    endloop
  endfacet
  facet normal 0 0 1
    outer loop
      vertex 125.333 34 1
      vertex 65.8829 45.2027 1
      vertex 67.1939 42.75 1
    endloop
  endfacet
  facet normal -0 0 1
    outer loop
      vertex 63.7555 77.6612 1
      vertex 125.333 34 1
      vertex 64.7351 80.264 1
    endloop
  endfacet
  facet normal 0 0 1
    outer loop
      vertex 125.333 34 1
      vertex 64.7351 47.736 1
      vertex 65.8829 45.2027 1
    endloop
  endfacet
  facet normal -0 0 1
    outer loop
      vertex 62.9482 74.9998 1
      vertex 125.333 34 1
      vertex 63.7555 77.6612 1
    endloop
  endfacet
  facet normal 0 0 1
    outer loop
      vertex 125.333 34 1
      vertex 63.7555 50.3388 1
      vertex 64.7351 47.736 1
    endloop
  endfacet
  facet normal -0 0 1
    outer loop
      vertex 62.3166 72.2913 1
      vertex 125.333 34 1
      vertex 62.9482 74.9998 1
    endloop
  endfacet
  facet normal 0 0 1
    outer loop
      vertex 125.333 34 1
      vertex 62.9482 53.0002 1
      vertex 63.7555 50.3388 1
    endloop
  endfacet
  facet normal -0 0 1
    outer loop
      vertex 61.8636 69.5474 1
      vertex 125.333 34 1
      vertex 62.3166 72.2913 1
    endloop
  endfacet
  facet normal 0 0 1
    outer loop
      vertex 125.333 34 1
      vertex 62.3166 55.7087 1
      vertex 62.9482 53.0002 1
    endloop
  endfacet
  facet normal -0 0 1
    outer loop
      vertex 61.591 66.7796 1
      vertex 125.333 34 1
      vertex 61.8636 69.5474 1
    endloop
  endfacet
  facet normal 0 0 1
    outer loop
      vertex 125.333 34 1
      vertex 61.8636 58.4526 1
      vertex 62.3166 55.7087 1
    endloop
  endfacet
  facet normal 0 0 1
    outer loop
      vertex 125.333 34 1
      vertex 61.591 66.7796 1
      vertex 61.8636 58.4526 1
    endloop
  endfacet
  facet normal 0 0 1
    outer loop
      vertex 61.591 66.7796 1
      vertex 61.591 61.2204 1
      vertex 61.8636 58.4526 1
    endloop
  endfacet
  facet normal 0 -0 1
    outer loop
      vertex 61.591 61.2204 1
      vertex 61.591 66.7796 1
      vertex 61.5 64 1
    endloop
  endfacet
  facet normal 0 0 1
    outer loop
      vertex 127.612 28.6625 1
      vertex 125.333 34 1
      vertex 125.333 27.2457 1
    endloop
  endfacet
  facet normal -0.841024 0.449539 -0.300987
    outer loop
      vertex 72.3901 82.25 -18
      vertex 65.8829 82.7973 1
      vertex 67.1939 85.25 1
    endloop
  endfacet
  facet normal -0.928715 0.216558 -0.300984
    outer loop
      vertex 68.2013 71.1208 -18
      vertex 62.3166 72.2913 1
      vertex 68.7437 73.4469 -18
    endloop
  endfacet
  facet normal 0.605031 -0.737121 -0.300982
    outer loop
      vertex 132.022 32.0468 1
      vertex 126.22 35.0426 -18
      vertex 128.066 36.5578 -18
    endloop
  endfacet
  facet normal -0.737169 -0.604971 -0.300984
    outer loop
      vertex 76.5578 39.9339 -18
      vertex 72.0468 35.9778 1
      vertex 75.0426 41.7802 -18
    endloop
  endfacet
  facet normal -0.276813 0.912567 -0.300991
    outer loop
      vertex 94.5531 99.2563 -18
      vertex 92.2675 98.563 -18
      vertex 93.0002 105.052 1
    endloop
  endfacet
  facet normal -0.155337 0.940902 -0.300955
    outer loop
      vertex 99.2358 100.188 -18
      vertex 95.7087 105.683 1
      vertex 98.4526 106.136 1
    endloop
  endfacet
  facet normal -0.868634 -0.393552 -0.300984
    outer loop
      vertex 71.2641 47.8565 -18
      vertex 65.8829 45.2027 1
      vertex 70.2784 50.0321 -18
    endloop
  endfacet
  facet normal 0.841019 -0.449555 -0.300977
    outer loop
      vertex 142.117 45.2027 1
      vertex 135.61 45.75 -18
      vertex 136.736 47.8565 -18
    endloop
  endfacet
  facet normal 0.604947 -0.737196 -0.300968
    outer loop
      vertex 129.872 30.2825 1
      vertex 126.22 35.0426 -18
      vertex 132.022 32.0468 1
    endloop
  endfacet
  facet normal -0.940897 0.155312 -0.300984
    outer loop
      vertex 67.8123 68.7642 -18
      vertex 62.3166 72.2913 1
      vertex 68.2013 71.1208 -18
    endloop
  endfacet
  facet normal 0.555361 -0.775237 -0.300968
    outer loop
      vertex 129.872 30.2825 1
      vertex 124.278 33.6514 -18
      vertex 126.22 35.0426 -18
    endloop
  endfacet
  facet normal -0.809823 -0.503581 -0.300987
    outer loop
      vertex 68.6625 40.3883 1
      vertex 67.1939 42.75 1
      vertex 72.3901 45.75 -18
    endloop
  endfacet
  facet normal 0.912592 -0.27672 -0.301003
    outer loop
      vertex 144.245 50.3388 1
      vertex 138.563 52.2675 -18
      vertex 145.052 53.0002 1
    endloop
  endfacet
  facet normal 0.216335 0.928765 -0.30099
    outer loop
      vertex 113.447 99.2563 -18
      vertex 112.291 105.683 1
      vertex 115 105.052 1
    endloop
  endfacet
  facet normal 0.503912 -0.809619 -0.30098
    outer loop
      vertex 125.092 27.4674 0
      vertex 122.25 32.3901 -18
      vertex 125.333 27.6174 0
    endloop
  endfacet
  facet normal 0.503478 -0.809871 -0.301029
    outer loop
      vertex 125.333 27.6174 0
      vertex 127.612 28.6625 1
      vertex 125.333 27.2457 1
    endloop
  endfacet
  facet normal 0.503467 -0.809898 -0.300977
    outer loop
      vertex 127.612 28.6625 1
      vertex 125.333 27.6174 0
      vertex 122.25 32.3901 -18
    endloop
  endfacet
  facet normal -0.737169 0.604971 -0.300984
    outer loop
      vertex 75.0426 86.2198 -18
      vertex 72.0468 92.0222 1
      vertex 76.5578 88.0661 -18
    endloop
  endfacet
  facet normal 0.868591 -0.393653 -0.300977
    outer loop
      vertex 142.117 45.2027 1
      vertex 136.736 47.8565 -18
      vertex 137.722 50.0321 -18
    endloop
  endfacet
  facet normal 0.949043 -0.0934271 -0.300978
    outer loop
      vertex 146.409 61.2204 1
      vertex 140.188 59.2358 -18
      vertex 140.422 61.6128 -18
    endloop
  endfacet
  facet normal 0.393494 -0.868666 -0.300969
    outer loop
      vertex 120.144 31.2641 -18
      vertex 122.543 26.1143 0
      vertex 117.968 30.2784 -18
    endloop
  endfacet
  facet normal 0.391653 -0.8695 -0.300962
    outer loop
      vertex 122.543 26.1143 0
      vertex 120.144 31.2641 -18
      vertex 122.658 26.1661 0
    endloop
  endfacet
  facet normal 0.336005 0.892472 -0.300989
    outer loop
      vertex 117.968 97.7216 -18
      vertex 117.661 104.245 1
      vertex 120.264 103.265 1
    endloop
  endfacet
  facet normal -0.91257 -0.276813 -0.300982
    outer loop
      vertex 69.437 52.2675 -18
      vertex 62.9482 53.0002 1
      vertex 68.7437 54.5531 -18
    endloop
  endfacet
  facet normal 0.695973 -0.651938 -0.300996
    outer loop
      vertex 134.052 33.948 1
      vertex 129.809 38.1906 -18
      vertex 131.442 39.9339 -18
    endloop
  endfacet
  facet normal 0.155331 0.940903 -0.300954
    outer loop
      vertex 112.291 105.683 1
      vertex 108.764 100.188 -18
      vertex 109.547 106.136 1
    endloop
  endfacet
  facet normal -0.0311452 0.953122 -0.300978
    outer loop
      vertex 101.613 100.422 -18
      vertex 101.22 106.409 1
      vertex 104 100.5 -18
    endloop
  endfacet
  facet normal -0.928715 -0.216558 -0.300984
    outer loop
      vertex 68.7437 54.5531 -18
      vertex 62.3166 55.7087 1
      vertex 68.2013 56.8792 -18
    endloop
  endfacet
  facet normal 0.503638 -0.809782 -0.301003
    outer loop
      vertex 127.612 28.6625 1
      vertex 122.25 32.3901 -18
      vertex 124.278 33.6514 -18
    endloop
  endfacet
  facet normal -0.503579 -0.809824 -0.300986
    outer loop
      vertex 82.9079 27.4674 0
      vertex 80.6705 28.8587 0
      vertex 85.75 32.3901 -18
    endloop
  endfacet
  facet normal -0.651899 0.696016 -0.300982
    outer loop
      vertex 78.1906 89.8094 -18
      vertex 73.948 94.052 1
      vertex 79.9339 91.4422 -18
    endloop
  endfacet
  facet normal -0.737164 -0.604977 -0.300985
    outer loop
      vertex 72.0468 35.9778 1
      vertex 70.2825 38.1276 1
      vertex 75.0426 41.7802 -18
    endloop
  endfacet
  facet normal -0.555479 -0.775145 -0.300987
    outer loop
      vertex 80.5637 28.9251 0
      vertex 78.4221 30.4598 0
      vertex 83.7217 33.6514 -18
    endloop
  endfacet
  facet normal 0.093427 0.949043 -0.300981
    outer loop
      vertex 108.764 100.188 -18
      vertex 106.387 100.422 -18
      vertex 106.78 106.409 1
    endloop
  endfacet
  facet normal -0.393071 -0.868854 -0.30098
    outer loop
      vertex 87.8565 31.2641 -18
      vertex 85.4569 26.1143 0
      vertex 85.3424 26.1661 0
    endloop
  endfacet
  facet normal -0.393553 -0.868635 -0.300981
    outer loop
      vertex 85.4569 26.1143 0
      vertex 87.8565 31.2641 -18
      vertex 90.0321 30.2784 -18
    endloop
  endfacet
  facet normal -0.696005 0.651909 -0.300984
    outer loop
      vertex 76.5578 88.0661 -18
      vertex 72.0468 92.0222 1
      vertex 73.948 94.052 1
    endloop
  endfacet
  facet normal -0.737164 0.604977 -0.300985
    outer loop
      vertex 75.0426 86.2198 -18
      vertex 70.2825 89.8724 1
      vertex 72.0468 92.0222 1
    endloop
  endfacet
  facet normal -0.216559 0.92872 -0.300966
    outer loop
      vertex 96.8792 99.7987 -18
      vertex 94.5531 99.2563 -18
      vertex 95.7087 105.683 1
    endloop
  endfacet
  facet normal -0.841017 -0.449554 -0.300985
    outer loop
      vertex 72.3901 45.75 -18
      vertex 65.8829 45.2027 1
      vertex 71.2641 47.8565 -18
    endloop
  endfacet
  facet normal -0.892501 -0.335935 -0.300982
    outer loop
      vertex 70.2784 50.0321 -18
      vertex 63.7555 50.3388 1
      vertex 69.437 52.2675 -18
    endloop
  endfacet
  facet normal 0.276745 -0.912592 -0.30098
    outer loop
      vertex 117.56 24.0545 0
      vertex 115.038 23.2897 0
      vertex 115.733 29.437 -18
    endloop
  endfacet
  facet normal 0.940902 -0.155337 -0.300955
    outer loop
      vertex 145.683 55.7087 1
      vertex 140.188 59.2358 -18
      vertex 146.136 58.4526 1
    endloop
  endfacet
  facet normal -0.892501 0.335935 -0.300982
    outer loop
      vertex 69.437 75.7325 -18
      vertex 63.7555 77.6612 1
      vertex 70.2784 77.9679 -18
    endloop
  endfacet
  facet normal 0.44948 -0.841057 -0.300983
    outer loop
      vertex 122.768 26.2254 0
      vertex 122.25 32.3901 -18
      vertex 125.092 27.4674 0
    endloop
  endfacet
  facet normal 0.912592 0.27672 -0.301003
    outer loop
      vertex 145.052 74.9998 1
      vertex 138.563 75.7325 -18
      vertex 144.245 77.6612 1
    endloop
  endfacet
  facet normal -0.940892 0.155335 -0.300987
    outer loop
      vertex 67.8123 68.7642 -18
      vertex 61.8636 69.5474 1
      vertex 62.3166 72.2913 1
    endloop
  endfacet
  facet normal -0.89251 -0.335908 -0.300986
    outer loop
      vertex 64.7351 47.736 1
      vertex 63.7555 50.3388 1
      vertex 70.2784 50.0321 -18
    endloop
  endfacet
  facet normal 0.605031 0.737121 -0.300982
    outer loop
      vertex 128.066 91.4422 -18
      vertex 126.22 92.9574 -18
      vertex 132.022 95.9532 1
    endloop
  endfacet
  facet normal -0.276815 -0.912569 -0.300983
    outer loop
      vertex 92.9616 23.2897 0
      vertex 90.4403 24.0545 0
      vertex 92.2675 29.437 -18
    endloop
  endfacet
  facet normal -0.393619 0.868602 -0.300989
    outer loop
      vertex 90.0321 97.7216 -18
      vertex 85.2027 102.117 1
      vertex 87.736 103.265 1
    endloop
  endfacet
  facet normal 0.892468 0.33603 -0.300974
    outer loop
      vertex 144.245 77.6612 1
      vertex 137.722 77.9679 -18
      vertex 143.265 80.264 1
    endloop
  endfacet
  facet normal -0.154807 -0.940981 -0.30098
    outer loop
      vertex 96.8792 28.2013 -18
      vertex 95.8943 22.6059 0
      vertex 95.7703 22.6263 0
    endloop
  endfacet
  facet normal -0.155312 -0.940898 -0.300981
    outer loop
      vertex 95.8943 22.6059 0
      vertex 96.8792 28.2013 -18
      vertex 99.2358 27.8123 -18
    endloop
  endfacet
  facet normal -0.216552 -0.928716 -0.300984
    outer loop
      vertex 95.6478 22.6549 0
      vertex 93.0819 23.2532 0
      vertex 94.5531 28.7437 -18
    endloop
  endfacet
  facet normal -0.604981 -0.737161 -0.300984
    outer loop
      vertex 78.3199 30.533 0
      vertex 76.2832 32.2045 0
      vertex 81.7802 35.0426 -18
    endloop
  endfacet
  facet normal -0.912569 -0.276816 -0.300982
    outer loop
      vertex 63.7555 50.3388 1
      vertex 62.9482 53.0002 1
      vertex 69.437 52.2675 -18
    endloop
  endfacet
  facet normal 0.44964 0.840979 -0.300962
    outer loop
      vertex 122.25 95.6099 -18
      vertex 120.144 96.7359 -18
      vertex 122.797 102.117 1
    endloop
  endfacet
  facet normal -0.696027 -0.651886 -0.300984
    outer loop
      vertex 73.9706 34 0.834822
      vertex 72.0468 35.9778 1
      vertex 76.5578 39.9339 -18
    endloop
  endfacet
  facet normal -0.696047 -0.651915 -0.300874
    outer loop
      vertex 72.0468 35.9778 1
      vertex 73.9706 34 0.834822
      vertex 73.8992 34 1
    endloop
  endfacet
  facet normal 0.217656 -0.928461 -0.300975
    outer loop
      vertex 111.121 28.2013 -18
      vertex 112.352 22.6549 0
      vertex 112.23 22.6263 0
    endloop
  endfacet
  facet normal 0.216567 -0.928714 -0.300979
    outer loop
      vertex 112.352 22.6549 0
      vertex 111.121 28.2013 -18
      vertex 113.447 28.7437 -18
    endloop
  endfacet
  facet normal 0.737039 0.605114 -0.301015
    outer loop
      vertex 137.718 89.8724 1
      vertex 132.957 86.2198 -18
      vertex 135.953 92.0222 1
    endloop
  endfacet
  facet normal -0.809819 -0.503587 -0.300987
    outer loop
      vertex 73.6514 43.7217 -18
      vertex 68.6625 40.3883 1
      vertex 72.3901 45.75 -18
    endloop
  endfacet
  facet normal -0.604971 0.737169 -0.300984
    outer loop
      vertex 79.9339 91.4422 -18
      vertex 75.9778 95.9532 1
      vertex 81.7802 92.9574 -18
    endloop
  endfacet
  facet normal -0.775153 -0.555468 -0.300987
    outer loop
      vertex 70.2825 38.1276 1
      vertex 68.6625 40.3883 1
      vertex 73.6514 43.7217 -18
    endloop
  endfacet
  facet normal -0.868629 0.393563 -0.300986
    outer loop
      vertex 70.2784 77.9679 -18
      vertex 64.7351 80.264 1
      vertex 65.8829 82.7973 1
    endloop
  endfacet
  facet normal -0.775165 -0.555452 -0.300985
    outer loop
      vertex 75.0426 41.7802 -18
      vertex 70.2825 38.1276 1
      vertex 73.6514 43.7217 -18
    endloop
  endfacet
  facet normal -0.89251 0.335908 -0.300986
    outer loop
      vertex 70.2784 77.9679 -18
      vertex 63.7555 77.6612 1
      vertex 64.7351 80.264 1
    endloop
  endfacet
  facet normal 0.868607 0.393621 -0.300973
    outer loop
      vertex 143.265 80.264 1
      vertex 137.722 77.9679 -18
      vertex 142.117 82.7973 1
    endloop
  endfacet
  facet normal -0.15543 0.940883 -0.300967
    outer loop
      vertex 96.8792 99.7987 -18
      vertex 95.7087 105.683 1
      vertex 99.2358 100.188 -18
    endloop
  endfacet
  facet normal 0.696039 0.651872 -0.300985
    outer loop
      vertex 135.953 92.0222 1
      vertex 131.442 88.0661 -18
      vertex 134.052 94.052 1
    endloop
  endfacet
  facet normal 0.503638 0.809782 -0.301003
    outer loop
      vertex 124.278 94.3486 -18
      vertex 122.25 95.6099 -18
      vertex 127.612 99.3375 1
    endloop
  endfacet
  facet normal -0.335916 -0.892507 -0.300984
    outer loop
      vertex 90.3227 24.0988 0
      vertex 87.8568 25.0269 0
      vertex 90.0321 30.2784 -18
    endloop
  endfacet
  facet normal -0.393575 -0.868624 -0.300984
    outer loop
      vertex 87.8568 25.0269 0
      vertex 85.4569 26.1143 0
      vertex 90.0321 30.2784 -18
    endloop
  endfacet
  facet normal -0.44954 -0.841024 -0.300986
    outer loop
      vertex 85.2315 26.2254 0
      vertex 82.9079 27.4674 0
      vertex 85.75 32.3901 -18
    endloop
  endfacet
  facet normal -0.775153 0.555468 -0.300987
    outer loop
      vertex 73.6514 84.2783 -18
      vertex 68.6625 87.6117 1
      vertex 70.2825 89.8724 1
    endloop
  endfacet
  facet normal -0.216815 -0.928666 -0.300951
    outer loop
      vertex 94.5531 28.7437 -18
      vertex 95.7703 22.6263 0
      vertex 95.6478 22.6549 0
    endloop
  endfacet
  facet normal -0.216558 -0.928715 -0.300985
    outer loop
      vertex 95.7703 22.6263 0
      vertex 94.5531 28.7437 -18
      vertex 96.8792 28.2013 -18
    endloop
  endfacet
  facet normal 0.651875 0.696038 -0.300981
    outer loop
      vertex 134.052 94.052 1
      vertex 128.066 91.4422 -18
      vertex 132.022 95.9532 1
    endloop
  endfacet
  facet normal 0.604947 0.737196 -0.300968
    outer loop
      vertex 132.022 95.9532 1
      vertex 126.22 92.9574 -18
      vertex 129.872 97.7175 1
    endloop
  endfacet
  facet normal 0.555361 0.775237 -0.300968
    outer loop
      vertex 126.22 92.9574 -18
      vertex 124.278 94.3486 -18
      vertex 129.872 97.7175 1
    endloop
  endfacet
  facet normal 0.928752 0.216372 -0.301003
    outer loop
      vertex 145.683 72.2913 1
      vertex 139.256 73.4469 -18
      vertex 145.052 74.9998 1
    endloop
  endfacet
  facet normal -0.0936206 0.949031 -0.300956
    outer loop
      vertex 99.2358 100.188 -18
      vertex 98.4526 106.136 1
      vertex 101.22 106.409 1
    endloop
  endfacet
  facet normal -0.0934192 0.949043 -0.300981
    outer loop
      vertex 101.613 100.422 -18
      vertex 99.2358 100.188 -18
      vertex 101.22 106.409 1
    endloop
  endfacet
  facet normal -0.651909 0.696005 -0.300984
    outer loop
      vertex 79.9339 91.4422 -18
      vertex 73.948 94.052 1
      vertex 75.9778 95.9532 1
    endloop
  endfacet
  facet normal 0.335988 -0.892481 -0.30098
    outer loop
      vertex 117.968 30.2784 -18
      vertex 117.56 24.0545 0
      vertex 115.733 29.437 -18
    endloop
  endfacet
  facet normal 0.337707 -0.891912 -0.300744
    outer loop
      vertex 117.56 24.0545 0
      vertex 117.968 30.2784 -18
      vertex 117.677 24.0988 0
    endloop
  endfacet
  facet normal -0.91257 0.276813 -0.300982
    outer loop
      vertex 68.7437 73.4469 -18
      vertex 62.9482 74.9998 1
      vertex 69.437 75.7325 -18
    endloop
  endfacet
  facet normal -0.449674 -0.840959 -0.300967
    outer loop
      vertex 85.75 32.3901 -18
      vertex 85.3424 26.1661 0
      vertex 85.2315 26.2254 0
    endloop
  endfacet
  facet normal -0.449554 -0.841017 -0.300985
    outer loop
      vertex 85.3424 26.1661 0
      vertex 85.75 32.3901 -18
      vertex 87.8565 31.2641 -18
    endloop
  endfacet
  facet normal 0.809764 0.503681 -0.300978
    outer loop
      vertex 140.806 85.25 1
      vertex 135.61 82.25 -18
      vertex 139.337 87.6117 1
    endloop
  endfacet
  facet normal -0.555468 0.775153 -0.300987
    outer loop
      vertex 83.7217 94.3486 -18
      vertex 78.1276 97.7175 1
      vertex 80.3883 99.3375 1
    endloop
  endfacet
  facet normal -0.555452 0.775165 -0.300985
    outer loop
      vertex 81.7802 92.9574 -18
      vertex 78.1276 97.7175 1
      vertex 83.7217 94.3486 -18
    endloop
  endfacet
  facet normal 0.031185 -0.95312 -0.300982
    outer loop
      vertex 106.387 27.5781 -18
      vertex 106.633 21.902 0
      vertex 104 27.5 -18
    endloop
  endfacet
  facet normal 0.0310144 -0.953126 -0.300981
    outer loop
      vertex 106.633 21.902 0
      vertex 106.387 27.5781 -18
      vertex 106.759 21.9061 0
    endloop
  endfacet
  facet normal -0.449554 0.841018 -0.300981
    outer loop
      vertex 85.75 95.6099 -18
      vertex 85.2027 102.117 1
      vertex 87.8565 96.7359 -18
    endloop
  endfacet
  facet normal -0.393553 0.868635 -0.30098
    outer loop
      vertex 87.8565 96.7359 -18
      vertex 85.2027 102.117 1
      vertex 90.0321 97.7216 -18
    endloop
  endfacet
  facet normal 0.0311452 0.953122 -0.300978
    outer loop
      vertex 106.387 100.422 -18
      vertex 104 100.5 -18
      vertex 106.78 106.409 1
    endloop
  endfacet
  facet normal -0.912569 0.276816 -0.300982
    outer loop
      vertex 69.437 75.7325 -18
      vertex 62.9482 74.9998 1
      vertex 63.7555 77.6612 1
    endloop
  endfacet
  facet normal 0.393658 0.868585 -0.300987
    outer loop
      vertex 122.797 102.117 1
      vertex 117.968 97.7216 -18
      vertex 120.264 103.265 1
    endloop
  endfacet
  facet normal 0.868591 0.393653 -0.300977
    outer loop
      vertex 137.722 77.9679 -18
      vertex 136.736 80.1435 -18
      vertex 142.117 82.7973 1
    endloop
  endfacet
  facet normal 0.216568 0.92872 -0.300961
    outer loop
      vertex 113.447 99.2563 -18
      vertex 111.121 99.7987 -18
      vertex 112.291 105.683 1
    endloop
  endfacet
  facet normal -0.0311992 0.953118 -0.300985
    outer loop
      vertex 104 100.5 -18
      vertex 101.22 106.409 1
      vertex 104 106.5 1
    endloop
  endfacet
  facet normal -0.27672 0.912592 -0.301003
    outer loop
      vertex 92.2675 98.563 -18
      vertex 90.3388 104.245 1
      vertex 93.0002 105.052 1
    endloop
  endfacet
  facet normal -0.335933 0.892494 -0.301003
    outer loop
      vertex 92.2675 98.563 -18
      vertex 90.0321 97.7216 -18
      vertex 90.3388 104.245 1
    endloop
  endfacet
  facet normal -0.0312035 -0.953118 -0.300984
    outer loop
      vertex 104 21.8158 0
      vertex 101.367 21.902 0
      vertex 104 27.5 -18
    endloop
  endfacet
  facet normal 0.0312035 -0.953118 -0.300984
    outer loop
      vertex 106.633 21.902 0
      vertex 104 21.8158 0
      vertex 104 27.5 -18
    endloop
  endfacet
  facet normal -0.95312 -0.0311824 -0.300982
    outer loop
      vertex 67.5781 61.6128 -18
      vertex 61.591 61.2204 1
      vertex 67.5 64 -18
    endloop
  endfacet
  facet normal 0.841027 0.44954 -0.300979
    outer loop
      vertex 142.117 82.7973 1
      vertex 135.61 82.25 -18
      vertex 140.806 85.25 1
    endloop
  endfacet
  facet normal 0.841019 0.449555 -0.300977
    outer loop
      vertex 136.736 80.1435 -18
      vertex 135.61 82.25 -18
      vertex 142.117 82.7973 1
    endloop
  endfacet
  facet normal 0.449496 0.841049 -0.300982
    outer loop
      vertex 125.25 100.806 1
      vertex 122.25 95.6099 -18
      vertex 122.797 102.117 1
    endloop
  endfacet
  facet normal -0.953118 -0.0312037 -0.300985
    outer loop
      vertex 61.591 61.2204 1
      vertex 61.5 64 1
      vertex 67.5 64 -18
    endloop
  endfacet
  facet normal 0.093634 0.94903 -0.300955
    outer loop
      vertex 108.764 100.188 -18
      vertex 106.78 106.409 1
      vertex 109.547 106.136 1
    endloop
  endfacet
  facet normal -0.841017 0.449554 -0.300985
    outer loop
      vertex 71.2641 80.1435 -18
      vertex 65.8829 82.7973 1
      vertex 72.3901 82.25 -18
    endloop
  endfacet
  facet normal -0.953118 0.0312037 -0.300985
    outer loop
      vertex 67.5 64 -18
      vertex 61.5 64 1
      vertex 61.591 66.7796 1
    endloop
  endfacet
  facet normal 0.737208 0.604924 -0.300983
    outer loop
      vertex 132.957 86.2198 -18
      vertex 131.442 88.0661 -18
      vertex 135.953 92.0222 1
    endloop
  endfacet
  facet normal -0.0310144 -0.953126 -0.300981
    outer loop
      vertex 101.613 27.5781 -18
      vertex 101.367 21.902 0
      vertex 101.241 21.9061 0
    endloop
  endfacet
  facet normal -0.031185 -0.95312 -0.300982
    outer loop
      vertex 101.367 21.902 0
      vertex 101.613 27.5781 -18
      vertex 104 27.5 -18
    endloop
  endfacet
  facet normal -0.503512 -0.809866 -0.300987
    outer loop
      vertex 83.7217 33.6514 -18
      vertex 80.6705 28.8587 0
      vertex 80.5637 28.9251 0
    endloop
  endfacet
  facet normal -0.503587 -0.809819 -0.300987
    outer loop
      vertex 80.6705 28.8587 0
      vertex 83.7217 33.6514 -18
      vertex 85.75 32.3901 -18
    endloop
  endfacet
  facet normal -0.55529 -0.775282 -0.300982
    outer loop
      vertex 81.7802 35.0426 -18
      vertex 78.4221 30.4598 0
      vertex 78.3199 30.533 0
    endloop
  endfacet
  facet normal -0.555452 -0.775166 -0.300983
    outer loop
      vertex 78.4221 30.4598 0
      vertex 81.7802 35.0426 -18
      vertex 83.7217 33.6514 -18
    endloop
  endfacet
  facet normal -0.155343 -0.940891 -0.300985
    outer loop
      vertex 98.4939 22.1767 0
      vertex 95.8943 22.6059 0
      vertex 99.2358 27.8123 -18
    endloop
  endfacet
  facet normal -0.949037 0.0934704 -0.300986
    outer loop
      vertex 67.8123 68.7642 -18
      vertex 61.591 66.7796 1
      vertex 61.8636 69.5474 1
    endloop
  endfacet
  facet normal 0.393495 0.868667 -0.300964
    outer loop
      vertex 120.144 96.7359 -18
      vertex 117.968 97.7216 -18
      vertex 122.797 102.117 1
    endloop
  endfacet
  facet normal 0.775005 0.555656 -0.30102
    outer loop
      vertex 134.349 84.2783 -18
      vertex 132.957 86.2198 -18
      vertex 137.718 89.8724 1
    endloop
  endfacet
  facet normal 0.809882 0.503506 -0.300952
    outer loop
      vertex 135.61 82.25 -18
      vertex 134.349 84.2783 -18
      vertex 139.337 87.6117 1
    endloop
  endfacet
  facet normal 0.50351 0.809868 -0.300983
    outer loop
      vertex 127.612 99.3375 1
      vertex 122.25 95.6099 -18
      vertex 125.25 100.806 1
    endloop
  endfacet
  facet normal 0.928672 0.216787 -0.30095
    outer loop
      vertex 139.799 71.1208 -18
      vertex 139.256 73.4469 -18
      vertex 145.683 72.2913 1
    endloop
  endfacet
  facet normal -0.809819 0.503587 -0.300987
    outer loop
      vertex 72.3901 82.25 -18
      vertex 68.6625 87.6117 1
      vertex 73.6514 84.2783 -18
    endloop
  endfacet
  facet normal 0.940902 0.155337 -0.300955
    outer loop
      vertex 146.136 69.5474 1
      vertex 140.188 68.7642 -18
      vertex 145.683 72.2913 1
    endloop
  endfacet
  facet normal 0.940907 0.155314 -0.300952
    outer loop
      vertex 140.188 68.7642 -18
      vertex 139.799 71.1208 -18
      vertex 145.683 72.2913 1
    endloop
  endfacet
  facet normal 0.555579 0.775067 -0.301002
    outer loop
      vertex 129.872 97.7175 1
      vertex 124.278 94.3486 -18
      vertex 127.612 99.3375 1
    endloop
  endfacet
  facet normal 0.949033 0.0936072 -0.300956
    outer loop
      vertex 146.409 66.7796 1
      vertex 140.188 68.7642 -18
      vertex 146.136 69.5474 1
    endloop
  endfacet
  facet normal 0.949043 0.0934271 -0.300978
    outer loop
      vertex 140.422 66.3872 -18
      vertex 140.188 68.7642 -18
      vertex 146.409 66.7796 1
    endloop
  endfacet
  facet normal -0.446034 -0.834494 -0.323534
    outer loop
      vertex 189.022 25.8006 0
      vertex 186.671 27.0572 0
      vertex 189.75 32.3901 -18
    endloop
  endfacet
  facet normal 0.768997 -0.551349 -0.32351
    outer loop
      vertex 243.753 40.1105 1
      vertex 236.957 41.7802 -18
      vertex 238.349 43.7217 -18
    endloop
  endfacet
  facet normal 0.769125 -0.551153 -0.323539
    outer loop
      vertex 242.114 37.8233 1
      vertex 236.957 41.7802 -18
      vertex 243.753 40.1105 1
    endloop
  endfacet
  facet normal 0.945711 0.0309375 -0.323533
    outer loop
      vertex 251 64 1
      vertex 244.5 64 -18
      vertex 250.908 66.8123 1
    endloop
  endfacet
  facet normal 0.945714 0.0309005 -0.323528
    outer loop
      vertex 244.5 64 -18
      vertex 244.422 66.3872 -18
      vertex 250.908 66.8123 1
    endloop
  endfacet
  facet normal 0.0309408 0.945711 -0.323533
    outer loop
      vertex 210.812 106.908 1
      vertex 208 100.5 -18
      vertex 208 107 1
    endloop
  endfacet
  facet normal 0.214883 0.921493 -0.323537
    outer loop
      vertex 217.447 99.2563 -18
      vertex 215.121 99.7987 -18
      vertex 219.129 105.535 1
    endloop
  endfacet
  facet normal -0.0309426 -0.945711 -0.323533
    outer loop
      vertex 208 21 1
      vertex 205.613 27.5781 -18
      vertex 208 27.5 -18
    endloop
  endfacet
  facet normal 0.921436 -0.215098 -0.323556
    outer loop
      vertex 249.535 52.8708 1
      vertex 243.256 54.5531 -18
      vertex 243.799 56.8792 -18
    endloop
  endfacet
  facet normal -0.551185 0.769104 -0.323534
    outer loop
      vertex 185.78 92.9574 -18
      vertex 181.823 98.1142 1
      vertex 184.11 99.7532 1
    endloop
  endfacet
  facet normal 0.445976 -0.834525 -0.323533
    outer loop
      vertex 227.018 25.4345 1
      vertex 226.25 32.3901 -18
      vertex 229.5 26.7609 1
    endloop
  endfacet
  facet normal 0.861912 -0.390433 -0.323526
    outer loop
      vertex 246.566 44.9816 1
      vertex 241.722 50.0321 -18
      vertex 247.727 47.5446 1
    endloop
  endfacet
  facet normal 0.731478 0.600221 -0.323535
    outer loop
      vertex 236.957 86.2198 -18
      vertex 235.442 88.0661 -18
      vertex 240.329 92.3519 1
    endloop
  endfacet
  facet normal -0.905502 0.274551 -0.323554
    outer loop
      vertex 172.744 73.4469 -18
      vertex 166.465 75.1292 1
      vertex 173.437 75.7325 -18
    endloop
  endfacet
  facet normal -0.769125 -0.551153 -0.323539
    outer loop
      vertex 173.886 37.8233 1
      vertex 172.247 40.1105 1
      vertex 179.043 41.7802 -18
    endloop
  endfacet
  facet normal -0.834413 0.44619 -0.323528
    outer loop
      vertex 176.39 82.25 -18
      vertex 169.434 83.0184 1
      vertex 170.761 85.5 1
    endloop
  endfacet
  facet normal -0.69056 -0.646867 -0.323558
    outer loop
      vertex 182.191 38.1906 -18
      vertex 177.75 33.9281 0
      vertex 180.558 39.9339 -18
    endloop
  endfacet
  facet normal -0.690529 -0.6469 -0.323558
    outer loop
      vertex 177.75 33.9281 0
      vertex 182.191 38.1906 -18
      vertex 177.836 33.8363 0
    endloop
  endfacet
  facet normal 0.390517 -0.861875 -0.323524
    outer loop
      vertex 224.455 24.2732 1
      vertex 221.968 30.2784 -18
      vertex 227.018 25.4345 1
    endloop
  endfacet
  facet normal -0.333377 0.885546 -0.323524
    outer loop
      vertex 196.267 98.563 -18
      vertex 194.032 97.7216 -18
      vertex 194.178 104.718 1
    endloop
  endfacet
  facet normal 0.274618 -0.905491 -0.323528
    outer loop
      vertex 219.129 22.4652 1
      vertex 217.447 28.7437 -18
      vertex 219.733 29.437 -18
    endloop
  endfacet
  facet normal 0.921436 0.215098 -0.323556
    outer loop
      vertex 243.799 71.1208 -18
      vertex 243.256 73.4469 -18
      vertex 249.535 75.1292 1
    endloop
  endfacet
  facet normal -0.15403 0.933594 -0.323539
    outer loop
      vertex 200.879 99.7987 -18
      vertex 199.611 106.174 1
      vertex 202.387 106.632 1
    endloop
  endfacet
  facet normal -0.645753 -0.69161 -0.323541
    outer loop
      vertex 182.191 38.1906 -18
      vertex 177.928 33.7504 0
      vertex 177.836 33.8363 0
    endloop
  endfacet
  facet normal -0.646887 -0.690546 -0.323547
    outer loop
      vertex 177.928 33.7504 0
      vertex 182.191 38.1906 -18
      vertex 183.934 36.5578 -18
    endloop
  endfacet
  facet normal -0.861912 -0.390433 -0.323526
    outer loop
      vertex 169.434 44.9816 1
      vertex 168.273 47.5446 1
      vertex 174.278 50.0321 -18
    endloop
  endfacet
  facet normal 0.885615 -0.333185 -0.323533
    outer loop
      vertex 248.718 50.1781 1
      vertex 241.722 50.0321 -18
      vertex 242.563 52.2675 -18
    endloop
  endfacet
  facet normal 0.214902 0.921488 -0.32354
    outer loop
      vertex 219.129 105.535 1
      vertex 215.121 99.7987 -18
      vertex 216.389 106.174 1
    endloop
  endfacet
  facet normal 0.154079 -0.933586 -0.323538
    outer loop
      vertex 213.613 21.3679 1
      vertex 212.764 27.8123 -18
      vertex 215.121 28.2013 -18
    endloop
  endfacet
  facet normal -0.690693 0.646736 -0.323537
    outer loop
      vertex 180.558 88.0661 -18
      vertex 175.671 92.3519 1
      vertex 177.594 94.4056 1
    endloop
  endfacet
  facet normal -0.905457 0.274727 -0.323532
    outer loop
      vertex 173.437 75.7325 -18
      vertex 166.465 75.1292 1
      vertex 167.282 77.8219 1
    endloop
  endfacet
  facet normal -0.945713 0.0309375 -0.323529
    outer loop
      vertex 171.578 66.3872 -18
      vertex 165 64 1
      vertex 165.092 66.8123 1
    endloop
  endfacet
  facet normal -0.214883 0.921493 -0.323537
    outer loop
      vertex 198.553 99.2563 -18
      vertex 196.871 105.535 1
      vertex 200.879 99.7987 -18
    endloop
  endfacet
  facet normal 0 0 -1
    outer loop
      vertex 244.422 61.6128 -18
      vertex 244.422 66.3872 -18
      vertex 244.5 64 -18
    endloop
  endfacet
  facet normal 0 0 -1
    outer loop
      vertex 244.188 59.2358 -18
      vertex 244.422 66.3872 -18
      vertex 244.422 61.6128 -18
    endloop
  endfacet
  facet normal 0 0 -1
    outer loop
      vertex 244.188 59.2358 -18
      vertex 244.188 68.7642 -18
      vertex 244.422 66.3872 -18
    endloop
  endfacet
  facet normal 0 0 -1
    outer loop
      vertex 243.799 56.8792 -18
      vertex 244.188 68.7642 -18
      vertex 244.188 59.2358 -18
    endloop
  endfacet
  facet normal 0 0 -1
    outer loop
      vertex 243.799 56.8792 -18
      vertex 243.799 71.1208 -18
      vertex 244.188 68.7642 -18
    endloop
  endfacet
  facet normal 0 0 -1
    outer loop
      vertex 243.256 54.5531 -18
      vertex 243.799 71.1208 -18
      vertex 243.799 56.8792 -18
    endloop
  endfacet
  facet normal 0 0 -1
    outer loop
      vertex 243.256 54.5531 -18
      vertex 243.256 73.4469 -18
      vertex 243.799 71.1208 -18
    endloop
  endfacet
  facet normal 0 0 -1
    outer loop
      vertex 242.563 52.2675 -18
      vertex 243.256 73.4469 -18
      vertex 243.256 54.5531 -18
    endloop
  endfacet
  facet normal 0 0 -1
    outer loop
      vertex 242.563 52.2675 -18
      vertex 242.563 75.7325 -18
      vertex 243.256 73.4469 -18
    endloop
  endfacet
  facet normal 0 0 -1
    outer loop
      vertex 241.722 50.0321 -18
      vertex 242.563 75.7325 -18
      vertex 242.563 52.2675 -18
    endloop
  endfacet
  facet normal 0 0 -1
    outer loop
      vertex 241.722 50.0321 -18
      vertex 241.722 77.9679 -18
      vertex 242.563 75.7325 -18
    endloop
  endfacet
  facet normal 0 0 -1
    outer loop
      vertex 240.736 47.8565 -18
      vertex 241.722 77.9679 -18
      vertex 241.722 50.0321 -18
    endloop
  endfacet
  facet normal 0 0 -1
    outer loop
      vertex 240.736 47.8565 -18
      vertex 240.736 80.1435 -18
      vertex 241.722 77.9679 -18
    endloop
  endfacet
  facet normal 0 0 -1
    outer loop
      vertex 239.61 45.75 -18
      vertex 240.736 80.1435 -18
      vertex 240.736 47.8565 -18
    endloop
  endfacet
  facet normal 0 0 -1
    outer loop
      vertex 239.61 45.75 -18
      vertex 239.61 82.25 -18
      vertex 240.736 80.1435 -18
    endloop
  endfacet
  facet normal 0 0 -1
    outer loop
      vertex 238.349 43.7217 -18
      vertex 239.61 82.25 -18
      vertex 239.61 45.75 -18
    endloop
  endfacet
  facet normal 0 0 -1
    outer loop
      vertex 238.349 43.7217 -18
      vertex 238.349 84.2783 -18
      vertex 239.61 82.25 -18
    endloop
  endfacet
  facet normal 0 0 -1
    outer loop
      vertex 236.957 41.7802 -18
      vertex 238.349 84.2783 -18
      vertex 238.349 43.7217 -18
    endloop
  endfacet
  facet normal 0 0 -1
    outer loop
      vertex 236.957 41.7802 -18
      vertex 236.957 86.2198 -18
      vertex 238.349 84.2783 -18
    endloop
  endfacet
  facet normal 0 0 -1
    outer loop
      vertex 235.442 39.9339 -18
      vertex 236.957 86.2198 -18
      vertex 236.957 41.7802 -18
    endloop
  endfacet
  facet normal 0 0 -1
    outer loop
      vertex 235.442 39.9339 -18
      vertex 235.442 88.0661 -18
      vertex 236.957 86.2198 -18
    endloop
  endfacet
  facet normal 0 0 -1
    outer loop
      vertex 233.809 38.1906 -18
      vertex 235.442 88.0661 -18
      vertex 235.442 39.9339 -18
    endloop
  endfacet
  facet normal 0 0 -1
    outer loop
      vertex 233.809 38.1906 -18
      vertex 233.809 89.8094 -18
      vertex 235.442 88.0661 -18
    endloop
  endfacet
  facet normal 0 0 -1
    outer loop
      vertex 232.066 36.5578 -18
      vertex 233.809 89.8094 -18
      vertex 233.809 38.1906 -18
    endloop
  endfacet
  facet normal 0 0 -1
    outer loop
      vertex 232.066 36.5578 -18
      vertex 232.066 91.4422 -18
      vertex 233.809 89.8094 -18
    endloop
  endfacet
  facet normal 0 0 -1
    outer loop
      vertex 230.22 35.0426 -18
      vertex 232.066 91.4422 -18
      vertex 232.066 36.5578 -18
    endloop
  endfacet
  facet normal 0 0 -1
    outer loop
      vertex 230.22 35.0426 -18
      vertex 230.22 92.9574 -18
      vertex 232.066 91.4422 -18
    endloop
  endfacet
  facet normal 0 0 -1
    outer loop
      vertex 228.278 33.6514 -18
      vertex 230.22 92.9574 -18
      vertex 230.22 35.0426 -18
    endloop
  endfacet
  facet normal 0 0 -1
    outer loop
      vertex 228.278 33.6514 -18
      vertex 228.278 94.3486 -18
      vertex 230.22 92.9574 -18
    endloop
  endfacet
  facet normal 0 0 -1
    outer loop
      vertex 226.25 32.3901 -18
      vertex 228.278 94.3486 -18
      vertex 228.278 33.6514 -18
    endloop
  endfacet
  facet normal 0 0 -1
    outer loop
      vertex 226.25 32.3901 -18
      vertex 226.25 95.6099 -18
      vertex 228.278 94.3486 -18
    endloop
  endfacet
  facet normal 0 0 -1
    outer loop
      vertex 224.144 31.2641 -18
      vertex 226.25 95.6099 -18
      vertex 226.25 32.3901 -18
    endloop
  endfacet
  facet normal 0 0 -1
    outer loop
      vertex 224.144 31.2641 -18
      vertex 224.144 96.7359 -18
      vertex 226.25 95.6099 -18
    endloop
  endfacet
  facet normal 0 0 -1
    outer loop
      vertex 221.968 30.2784 -18
      vertex 224.144 96.7359 -18
      vertex 224.144 31.2641 -18
    endloop
  endfacet
  facet normal 0 0 -1
    outer loop
      vertex 221.968 30.2784 -18
      vertex 221.968 97.7216 -18
      vertex 224.144 96.7359 -18
    endloop
  endfacet
  facet normal 0 0 -1
    outer loop
      vertex 219.733 29.437 -18
      vertex 221.968 97.7216 -18
      vertex 221.968 30.2784 -18
    endloop
  endfacet
  facet normal 0 0 -1
    outer loop
      vertex 219.733 29.437 -18
      vertex 219.733 98.563 -18
      vertex 221.968 97.7216 -18
    endloop
  endfacet
  facet normal 0 0 -1
    outer loop
      vertex 217.447 28.7437 -18
      vertex 219.733 98.563 -18
      vertex 219.733 29.437 -18
    endloop
  endfacet
  facet normal 0 0 -1
    outer loop
      vertex 217.447 28.7437 -18
      vertex 217.447 99.2563 -18
      vertex 219.733 98.563 -18
    endloop
  endfacet
  facet normal 0 0 -1
    outer loop
      vertex 215.121 28.2013 -18
      vertex 217.447 99.2563 -18
      vertex 217.447 28.7437 -18
    endloop
  endfacet
  facet normal 0 0 -1
    outer loop
      vertex 215.121 28.2013 -18
      vertex 215.121 99.7987 -18
      vertex 217.447 99.2563 -18
    endloop
  endfacet
  facet normal 0 0 -1
    outer loop
      vertex 212.764 27.8123 -18
      vertex 215.121 99.7987 -18
      vertex 215.121 28.2013 -18
    endloop
  endfacet
  facet normal 0 0 -1
    outer loop
      vertex 212.764 27.8123 -18
      vertex 212.764 100.188 -18
      vertex 215.121 99.7987 -18
    endloop
  endfacet
  facet normal 0 0 -1
    outer loop
      vertex 210.387 27.5781 -18
      vertex 212.764 100.188 -18
      vertex 212.764 27.8123 -18
    endloop
  endfacet
  facet normal 0 0 -1
    outer loop
      vertex 210.387 27.5781 -18
      vertex 210.387 100.422 -18
      vertex 212.764 100.188 -18
    endloop
  endfacet
  facet normal 0 0 -1
    outer loop
      vertex 208 27.5 -18
      vertex 210.387 100.422 -18
      vertex 210.387 27.5781 -18
    endloop
  endfacet
  facet normal 0 0 -1
    outer loop
      vertex 208 27.5 -18
      vertex 208 100.5 -18
      vertex 210.387 100.422 -18
    endloop
  endfacet
  facet normal 0 0 -1
    outer loop
      vertex 205.613 27.5781 -18
      vertex 208 100.5 -18
      vertex 208 27.5 -18
    endloop
  endfacet
  facet normal 0 0 -1
    outer loop
      vertex 205.613 27.5781 -18
      vertex 205.613 100.422 -18
      vertex 208 100.5 -18
    endloop
  endfacet
  facet normal 0 0 -1
    outer loop
      vertex 203.236 27.8123 -18
      vertex 205.613 100.422 -18
      vertex 205.613 27.5781 -18
    endloop
  endfacet
  facet normal 0 0 -1
    outer loop
      vertex 203.236 27.8123 -18
      vertex 203.236 100.188 -18
      vertex 205.613 100.422 -18
    endloop
  endfacet
  facet normal 0 0 -1
    outer loop
      vertex 200.879 28.2013 -18
      vertex 203.236 100.188 -18
      vertex 203.236 27.8123 -18
    endloop
  endfacet
  facet normal 0 0 -1
    outer loop
      vertex 200.879 28.2013 -18
      vertex 200.879 99.7987 -18
      vertex 203.236 100.188 -18
    endloop
  endfacet
  facet normal 0 0 -1
    outer loop
      vertex 198.553 28.7437 -18
      vertex 200.879 99.7987 -18
      vertex 200.879 28.2013 -18
    endloop
  endfacet
  facet normal 0 0 -1
    outer loop
      vertex 198.553 28.7437 -18
      vertex 198.553 99.2563 -18
      vertex 200.879 99.7987 -18
    endloop
  endfacet
  facet normal 0 0 -1
    outer loop
      vertex 196.267 29.437 -18
      vertex 198.553 99.2563 -18
      vertex 198.553 28.7437 -18
    endloop
  endfacet
  facet normal 0 0 -1
    outer loop
      vertex 196.267 29.437 -18
      vertex 196.267 98.563 -18
      vertex 198.553 99.2563 -18
    endloop
  endfacet
  facet normal 0 0 -1
    outer loop
      vertex 194.032 30.2784 -18
      vertex 196.267 98.563 -18
      vertex 196.267 29.437 -18
    endloop
  endfacet
  facet normal 0 0 -1
    outer loop
      vertex 194.032 30.2784 -18
      vertex 194.032 97.7216 -18
      vertex 196.267 98.563 -18
    endloop
  endfacet
  facet normal 0 0 -1
    outer loop
      vertex 191.856 31.2641 -18
      vertex 194.032 97.7216 -18
      vertex 194.032 30.2784 -18
    endloop
  endfacet
  facet normal 0 0 -1
    outer loop
      vertex 191.856 31.2641 -18
      vertex 191.856 96.7359 -18
      vertex 194.032 97.7216 -18
    endloop
  endfacet
  facet normal 0 0 -1
    outer loop
      vertex 189.75 32.3901 -18
      vertex 191.856 96.7359 -18
      vertex 191.856 31.2641 -18
    endloop
  endfacet
  facet normal 0 0 -1
    outer loop
      vertex 189.75 32.3901 -18
      vertex 189.75 95.6099 -18
      vertex 191.856 96.7359 -18
    endloop
  endfacet
  facet normal 0 0 -1
    outer loop
      vertex 187.722 33.6514 -18
      vertex 189.75 95.6099 -18
      vertex 189.75 32.3901 -18
    endloop
  endfacet
  facet normal 0 0 -1
    outer loop
      vertex 187.722 33.6514 -18
      vertex 187.722 94.3486 -18
      vertex 189.75 95.6099 -18
    endloop
  endfacet
  facet normal 0 0 -1
    outer loop
      vertex 185.78 35.0426 -18
      vertex 187.722 94.3486 -18
      vertex 187.722 33.6514 -18
    endloop
  endfacet
  facet normal 0 0 -1
    outer loop
      vertex 185.78 35.0426 -18
      vertex 185.78 92.9574 -18
      vertex 187.722 94.3486 -18
    endloop
  endfacet
  facet normal 0 0 -1
    outer loop
      vertex 183.934 36.5578 -18
      vertex 185.78 92.9574 -18
      vertex 185.78 35.0426 -18
    endloop
  endfacet
  facet normal 0 0 -1
    outer loop
      vertex 183.934 36.5578 -18
      vertex 183.934 91.4422 -18
      vertex 185.78 92.9574 -18
    endloop
  endfacet
  facet normal 0 0 -1
    outer loop
      vertex 182.191 38.1906 -18
      vertex 183.934 91.4422 -18
      vertex 183.934 36.5578 -18
    endloop
  endfacet
  facet normal 0 0 -1
    outer loop
      vertex 182.191 38.1906 -18
      vertex 182.191 89.8094 -18
      vertex 183.934 91.4422 -18
    endloop
  endfacet
  facet normal 0 0 -1
    outer loop
      vertex 180.558 39.9339 -18
      vertex 182.191 89.8094 -18
      vertex 182.191 38.1906 -18
    endloop
  endfacet
  facet normal 0 0 -1
    outer loop
      vertex 180.558 39.9339 -18
      vertex 180.558 88.0661 -18
      vertex 182.191 89.8094 -18
    endloop
  endfacet
  facet normal 0 0 -1
    outer loop
      vertex 179.043 41.7802 -18
      vertex 180.558 88.0661 -18
      vertex 180.558 39.9339 -18
    endloop
  endfacet
  facet normal 0 0 -1
    outer loop
      vertex 179.043 41.7802 -18
      vertex 179.043 86.2198 -18
      vertex 180.558 88.0661 -18
    endloop
  endfacet
  facet normal 0 0 -1
    outer loop
      vertex 177.651 43.7217 -18
      vertex 179.043 86.2198 -18
      vertex 179.043 41.7802 -18
    endloop
  endfacet
  facet normal 0 0 -1
    outer loop
      vertex 177.651 43.7217 -18
      vertex 177.651 84.2783 -18
      vertex 179.043 86.2198 -18
    endloop
  endfacet
  facet normal 0 0 -1
    outer loop
      vertex 176.39 45.75 -18
      vertex 177.651 84.2783 -18
      vertex 177.651 43.7217 -18
    endloop
  endfacet
  facet normal 0 0 -1
    outer loop
      vertex 176.39 45.75 -18
      vertex 176.39 82.25 -18
      vertex 177.651 84.2783 -18
    endloop
  endfacet
  facet normal 0 0 -1
    outer loop
      vertex 175.264 47.8565 -18
      vertex 176.39 82.25 -18
      vertex 176.39 45.75 -18
    endloop
  endfacet
  facet normal 0 0 -1
    outer loop
      vertex 175.264 47.8565 -18
      vertex 175.264 80.1435 -18
      vertex 176.39 82.25 -18
    endloop
  endfacet
  facet normal 0 0 -1
    outer loop
      vertex 174.278 50.0321 -18
      vertex 175.264 80.1435 -18
      vertex 175.264 47.8565 -18
    endloop
  endfacet
  facet normal 0 0 -1
    outer loop
      vertex 174.278 50.0321 -18
      vertex 174.278 77.9679 -18
      vertex 175.264 80.1435 -18
    endloop
  endfacet
  facet normal 0 0 -1
    outer loop
      vertex 173.437 52.2675 -18
      vertex 174.278 77.9679 -18
      vertex 174.278 50.0321 -18
    endloop
  endfacet
  facet normal 0 0 -1
    outer loop
      vertex 173.437 52.2675 -18
      vertex 173.437 75.7325 -18
      vertex 174.278 77.9679 -18
    endloop
  endfacet
  facet normal 0 0 -1
    outer loop
      vertex 172.744 54.5531 -18
      vertex 173.437 75.7325 -18
      vertex 173.437 52.2675 -18
    endloop
  endfacet
  facet normal 0 0 -1
    outer loop
      vertex 172.744 54.5531 -18
      vertex 172.744 73.4469 -18
      vertex 173.437 75.7325 -18
    endloop
  endfacet
  facet normal 0 0 -1
    outer loop
      vertex 172.201 56.8792 -18
      vertex 172.744 73.4469 -18
      vertex 172.744 54.5531 -18
    endloop
  endfacet
  facet normal 0 0 -1
    outer loop
      vertex 172.201 56.8792 -18
      vertex 172.201 71.1208 -18
      vertex 172.744 73.4469 -18
    endloop
  endfacet
  facet normal 0 0 -1
    outer loop
      vertex 171.812 59.2358 -18
      vertex 172.201 71.1208 -18
      vertex 172.201 56.8792 -18
    endloop
  endfacet
  facet normal 0 0 -1
    outer loop
      vertex 171.812 59.2358 -18
      vertex 171.812 68.7642 -18
      vertex 172.201 71.1208 -18
    endloop
  endfacet
  facet normal 0 0 -1
    outer loop
      vertex 171.578 61.6128 -18
      vertex 171.812 68.7642 -18
      vertex 171.812 59.2358 -18
    endloop
  endfacet
  facet normal 0 0 -1
    outer loop
      vertex 171.578 61.6128 -18
      vertex 171.578 66.3872 -18
      vertex 171.812 68.7642 -18
    endloop
  endfacet
  facet normal 0 -0 -1
    outer loop
      vertex 171.578 66.3872 -18
      vertex 171.578 61.6128 -18
      vertex 171.5 64 -18
    endloop
  endfacet
  facet normal 0.945714 -0.0309005 -0.323528
    outer loop
      vertex 250.908 61.1877 1
      vertex 244.422 61.6128 -18
      vertex 244.5 64 -18
    endloop
  endfacet
  facet normal -0.154079 -0.933586 -0.323538
    outer loop
      vertex 202.387 21.3679 1
      vertex 200.879 28.2013 -18
      vertex 203.236 27.8123 -18
    endloop
  endfacet
  facet normal -0.390432 0.86191 -0.323533
    outer loop
      vertex 194.032 97.7216 -18
      vertex 188.982 102.566 1
      vertex 191.545 103.727 1
    endloop
  endfacet
  facet normal -0.731457 -0.600244 -0.323538
    outer loop
      vertex 175.671 35.6481 1
      vertex 173.886 37.8233 1
      vertex 179.043 41.7802 -18
    endloop
  endfacet
  facet normal 0.551185 -0.769104 -0.323534
    outer loop
      vertex 231.89 28.2468 1
      vertex 230.22 35.0426 -18
      vertex 234.177 29.8858 1
    endloop
  endfacet
  facet normal 0.905502 0.274551 -0.323554
    outer loop
      vertex 243.256 73.4469 -18
      vertex 242.563 75.7325 -18
      vertex 249.535 75.1292 1
    endloop
  endfacet
  facet normal 0.0927208 -0.941665 -0.323529
    outer loop
      vertex 210.812 21.0921 1
      vertex 210.387 27.5781 -18
      vertex 213.613 21.3679 1
    endloop
  endfacet
  facet normal -0.0927791 -0.941656 -0.323536
    outer loop
      vertex 205.613 27.5781 -18
      vertex 202.387 21.3679 1
      vertex 203.236 27.8123 -18
    endloop
  endfacet
  facet normal 0.933601 -0.154014 -0.323527
    outer loop
      vertex 250.174 55.6111 1
      vertex 243.799 56.8792 -18
      vertex 250.632 58.3874 1
    endloop
  endfacet
  facet normal 0.214884 -0.921496 -0.323529
    outer loop
      vertex 219.129 22.4652 1
      vertex 215.121 28.2013 -18
      vertex 217.447 28.7437 -18
    endloop
  endfacet
  facet normal 0.803585 0.499591 -0.323511
    outer loop
      vertex 239.61 82.25 -18
      vertex 238.349 84.2783 -18
      vertex 243.753 87.8895 1
    endloop
  endfacet
  facet normal -0.921436 0.215098 -0.323556
    outer loop
      vertex 172.201 71.1208 -18
      vertex 166.465 75.1292 1
      vertex 172.744 73.4469 -18
    endloop
  endfacet
  facet normal 0.941656 0.0928104 -0.323528
    outer loop
      vertex 250.908 66.8123 1
      vertex 244.422 66.3872 -18
      vertex 250.632 69.6126 1
    endloop
  endfacet
  facet normal 0.885593 0.333253 -0.323524
    outer loop
      vertex 248.718 77.8219 1
      vertex 241.722 77.9679 -18
      vertex 247.727 80.4554 1
    endloop
  endfacet
  facet normal 0.333367 -0.885549 -0.323526
    outer loop
      vertex 224.455 24.2732 1
      vertex 221.822 23.282 1
      vertex 221.968 30.2784 -18
    endloop
  endfacet
  facet normal -0.731478 -0.600221 -0.323535
    outer loop
      vertex 180.558 39.9339 -18
      vertex 175.671 35.6481 1
      vertex 179.043 41.7802 -18
    endloop
  endfacet
  facet normal 0.274638 -0.905486 -0.323526
    outer loop
      vertex 221.822 23.282 1
      vertex 219.129 22.4652 1
      vertex 219.733 29.437 -18
    endloop
  endfacet
  facet normal -0.690626 -0.646808 -0.323536
    outer loop
      vertex 180.558 39.9339 -18
      vertex 177.683 34 0
      vertex 175.671 35.6481 1
    endloop
  endfacet
  facet normal -0.692318 -0.645137 -0.323255
    outer loop
      vertex 177.683 34 0
      vertex 180.558 39.9339 -18
      vertex 177.75 33.9281 0
    endloop
  endfacet
  facet normal -0.690611 -0.646989 -0.323206
    outer loop
      vertex 175.671 35.6481 1
      vertex 177.683 34 0
      vertex 177.215 34 1
    endloop
  endfacet
  facet normal -0.646766 -0.69067 -0.323526
    outer loop
      vertex 179.874 31.9281 0
      vertex 177.928 33.7504 0
      vertex 183.934 36.5578 -18
    endloop
  endfacet
  facet normal -0.551287 -0.769039 -0.323516
    outer loop
      vertex 184.198 28.6045 0
      vertex 182.032 30.1572 0
      vertex 185.78 35.0426 -18
    endloop
  endfacet
  facet normal 0.446134 0.834441 -0.323531
    outer loop
      vertex 229.5 101.239 1
      vertex 226.25 95.6099 -18
      vertex 227.018 102.566 1
    endloop
  endfacet
  facet normal -0.499723 0.803486 -0.323554
    outer loop
      vertex 187.722 94.3486 -18
      vertex 184.11 99.7532 1
      vertex 189.75 95.6099 -18
    endloop
  endfacet
  facet normal -0.44586 -0.834577 -0.323557
    outer loop
      vertex 189.75 32.3901 -18
      vertex 189.133 25.7413 0
      vertex 189.022 25.8006 0
    endloop
  endfacet
  facet normal -0.446145 -0.834441 -0.323517
    outer loop
      vertex 189.133 25.7413 0
      vertex 189.75 32.3901 -18
      vertex 191.856 31.2641 -18
    endloop
  endfacet
  facet normal 0.499594 -0.803574 -0.323535
    outer loop
      vertex 229.5 26.7609 1
      vertex 226.25 32.3901 -18
      vertex 231.89 28.2468 1
    endloop
  endfacet
  facet normal 0.551036 -0.769201 -0.323556
    outer loop
      vertex 231.89 28.2468 1
      vertex 228.278 33.6514 -18
      vertex 230.22 35.0426 -18
    endloop
  endfacet
  facet normal -0.941656 -0.0928104 -0.323528
    outer loop
      vertex 165.368 58.3874 1
      vertex 165.092 61.1877 1
      vertex 171.578 61.6128 -18
    endloop
  endfacet
  facet normal 0.861833 -0.39059 -0.323547
    outer loop
      vertex 246.566 44.9816 1
      vertex 240.736 47.8565 -18
      vertex 241.722 50.0321 -18
    endloop
  endfacet
  facet normal 0.834413 0.44619 -0.323528
    outer loop
      vertex 246.566 83.0184 1
      vertex 239.61 82.25 -18
      vertex 245.239 85.5 1
    endloop
  endfacet
  facet normal -0.905457 -0.274727 -0.323532
    outer loop
      vertex 167.282 50.1781 1
      vertex 166.465 52.8708 1
      vertex 173.437 52.2675 -18
    endloop
  endfacet
  facet normal -0.274617 0.905488 -0.323537
    outer loop
      vertex 198.553 99.2563 -18
      vertex 196.267 98.563 -18
      vertex 196.871 105.535 1
    endloop
  endfacet
  facet normal 0.921497 -0.21488 -0.323528
    outer loop
      vertex 249.535 52.8708 1
      vertex 243.799 56.8792 -18
      vertex 250.174 55.6111 1
    endloop
  endfacet
  facet normal 0.803514 0.499695 -0.323526
    outer loop
      vertex 245.239 85.5 1
      vertex 239.61 82.25 -18
      vertex 243.753 87.8895 1
    endloop
  endfacet
  facet normal 0.731478 -0.600221 -0.323535
    outer loop
      vertex 240.329 35.6481 1
      vertex 235.442 39.9339 -18
      vertex 236.957 41.7802 -18
    endloop
  endfacet
  facet normal -0.921497 -0.21488 -0.323528
    outer loop
      vertex 166.465 52.8708 1
      vertex 165.826 55.6111 1
      vertex 172.201 56.8792 -18
    endloop
  endfacet
  facet normal -0.905502 -0.274551 -0.323554
    outer loop
      vertex 173.437 52.2675 -18
      vertex 166.465 52.8708 1
      vertex 172.744 54.5531 -18
    endloop
  endfacet
  facet normal -0.945713 -0.0309375 -0.323529
    outer loop
      vertex 165.092 61.1877 1
      vertex 165 64 1
      vertex 171.578 61.6128 -18
    endloop
  endfacet
  facet normal 0.905502 -0.274551 -0.323554
    outer loop
      vertex 249.535 52.8708 1
      vertex 242.563 52.2675 -18
      vertex 243.256 54.5531 -18
    endloop
  endfacet
  facet normal 0.446146 -0.834443 -0.32351
    outer loop
      vertex 227.018 25.4345 1
      vertex 224.144 31.2641 -18
      vertex 226.25 32.3901 -18
    endloop
  endfacet
  facet normal 0.905457 0.274727 -0.323532
    outer loop
      vertex 249.535 75.1292 1
      vertex 242.563 75.7325 -18
      vertex 248.718 77.8219 1
    endloop
  endfacet
  facet normal -0.885593 -0.333253 -0.323524
    outer loop
      vertex 168.273 47.5446 1
      vertex 167.282 50.1781 1
      vertex 174.278 50.0321 -18
    endloop
  endfacet
  facet normal 0.390437 -0.861916 -0.323513
    outer loop
      vertex 227.018 25.4345 1
      vertex 221.968 30.2784 -18
      vertex 224.144 31.2641 -18
    endloop
  endfacet
  facet normal 0.731457 0.600244 -0.323538
    outer loop
      vertex 242.114 90.1767 1
      vertex 236.957 86.2198 -18
      vertex 240.329 92.3519 1
    endloop
  endfacet
  facet normal 0.15403 0.933594 -0.323539
    outer loop
      vertex 215.121 99.7987 -18
      vertex 213.613 106.632 1
      vertex 216.389 106.174 1
    endloop
  endfacet
  facet normal 0.731457 -0.600244 -0.323538
    outer loop
      vertex 240.329 35.6481 1
      vertex 236.957 41.7802 -18
      vertex 242.114 37.8233 1
    endloop
  endfacet
  facet normal 0.941656 -0.0928104 -0.323528
    outer loop
      vertex 250.632 58.3874 1
      vertex 244.422 61.6128 -18
      vertex 250.908 61.1877 1
    endloop
  endfacet
  facet normal 0.945711 -0.0309375 -0.323533
    outer loop
      vertex 250.908 61.1877 1
      vertex 244.5 64 -18
      vertex 251 64 1
    endloop
  endfacet
  facet normal -0.333308 0.885569 -0.323533
    outer loop
      vertex 194.032 97.7216 -18
      vertex 191.545 103.727 1
      vertex 194.178 104.718 1
    endloop
  endfacet
  facet normal -0.0309744 -0.945711 -0.323529
    outer loop
      vertex 208 21 1
      vertex 205.188 21.0921 1
      vertex 205.613 27.5781 -18
    endloop
  endfacet
  facet normal 0.885593 -0.333253 -0.323524
    outer loop
      vertex 247.727 47.5446 1
      vertex 241.722 50.0321 -18
      vertex 248.718 50.1781 1
    endloop
  endfacet
  facet normal 0.0309744 -0.945711 -0.323529
    outer loop
      vertex 210.812 21.0921 1
      vertex 208 21 1
      vertex 210.387 27.5781 -18
    endloop
  endfacet
  facet normal 0.803585 -0.499591 -0.323511
    outer loop
      vertex 243.753 40.1105 1
      vertex 238.349 43.7217 -18
      vertex 239.61 45.75 -18
    endloop
  endfacet
  facet normal -0.214884 -0.921496 -0.323529
    outer loop
      vertex 200.879 28.2013 -18
      vertex 196.871 22.4652 1
      vertex 198.553 28.7437 -18
    endloop
  endfacet
  facet normal 0.885615 0.333185 -0.323533
    outer loop
      vertex 242.563 75.7325 -18
      vertex 241.722 77.9679 -18
      vertex 248.718 77.8219 1
    endloop
  endfacet
  facet normal 0.2747 0.905467 -0.323526
    outer loop
      vertex 219.733 98.563 -18
      vertex 219.129 105.535 1
      vertex 221.822 104.718 1
    endloop
  endfacet
  facet normal -0.0927208 -0.941665 -0.323529
    outer loop
      vertex 205.188 21.0921 1
      vertex 202.387 21.3679 1
      vertex 205.613 27.5781 -18
    endloop
  endfacet
  facet normal 0.0927875 0.941658 -0.323528
    outer loop
      vertex 213.613 106.632 1
      vertex 210.387 100.422 -18
      vertex 210.812 106.908 1
    endloop
  endfacet
  facet normal -0.769125 0.551153 -0.323539
    outer loop
      vertex 179.043 86.2198 -18
      vertex 172.247 87.8895 1
      vertex 173.886 90.1767 1
    endloop
  endfacet
  facet normal -0.690559 0.646867 -0.32356
    outer loop
      vertex 180.558 88.0661 -18
      vertex 177.594 94.4056 1
      vertex 182.191 89.8094 -18
    endloop
  endfacet
  facet normal -0.0309408 0.945711 -0.323533
    outer loop
      vertex 208 100.5 -18
      vertex 205.188 106.908 1
      vertex 208 107 1
    endloop
  endfacet
  facet normal 0.333377 -0.885546 -0.323524
    outer loop
      vertex 221.822 23.282 1
      vertex 219.733 29.437 -18
      vertex 221.968 30.2784 -18
    endloop
  endfacet
  facet normal 0.834476 -0.446058 -0.323546
    outer loop
      vertex 246.566 44.9816 1
      vertex 239.61 45.75 -18
      vertex 240.736 47.8565 -18
    endloop
  endfacet
  facet normal -0.803514 0.499695 -0.323526
    outer loop
      vertex 176.39 82.25 -18
      vertex 170.761 85.5 1
      vertex 172.247 87.8895 1
    endloop
  endfacet
  facet normal 0.933589 -0.154106 -0.323515
    outer loop
      vertex 250.632 58.3874 1
      vertex 243.799 56.8792 -18
      vertex 244.188 59.2358 -18
    endloop
  endfacet
  facet normal -0.803585 0.499591 -0.323511
    outer loop
      vertex 176.39 82.25 -18
      vertex 172.247 87.8895 1
      vertex 177.651 84.2783 -18
    endloop
  endfacet
  facet normal 0.690559 0.646867 -0.32356
    outer loop
      vertex 235.442 88.0661 -18
      vertex 233.809 89.8094 -18
      vertex 238.406 94.4056 1
    endloop
  endfacet
  facet normal -0.861833 -0.39059 -0.323547
    outer loop
      vertex 175.264 47.8565 -18
      vertex 169.434 44.9816 1
      vertex 174.278 50.0321 -18
    endloop
  endfacet
  facet normal 0.499723 0.803486 -0.323554
    outer loop
      vertex 228.278 94.3486 -18
      vertex 226.25 95.6099 -18
      vertex 231.89 99.7532 1
    endloop
  endfacet
  facet normal 0.154196 0.933573 -0.323519
    outer loop
      vertex 215.121 99.7987 -18
      vertex 212.764 100.188 -18
      vertex 213.613 106.632 1
    endloop
  endfacet
  facet normal -0.921497 0.21488 -0.323528
    outer loop
      vertex 172.201 71.1208 -18
      vertex 165.826 72.3889 1
      vertex 166.465 75.1292 1
    endloop
  endfacet
  facet normal 0.274617 0.905488 -0.323537
    outer loop
      vertex 219.733 98.563 -18
      vertex 217.447 99.2563 -18
      vertex 219.129 105.535 1
    endloop
  endfacet
  facet normal -0.885615 -0.333185 -0.323533
    outer loop
      vertex 174.278 50.0321 -18
      vertex 167.282 50.1781 1
      vertex 173.437 52.2675 -18
    endloop
  endfacet
  facet normal 0.861912 0.390433 -0.323526
    outer loop
      vertex 247.727 80.4554 1
      vertex 241.722 77.9679 -18
      vertex 246.566 83.0184 1
    endloop
  endfacet
  facet normal -0.941671 -0.0927013 -0.323515
    outer loop
      vertex 171.812 59.2358 -18
      vertex 165.368 58.3874 1
      vertex 171.578 61.6128 -18
    endloop
  endfacet
  facet normal -0.933589 -0.154106 -0.323515
    outer loop
      vertex 172.201 56.8792 -18
      vertex 165.368 58.3874 1
      vertex 171.812 59.2358 -18
    endloop
  endfacet
  facet normal 0.834413 -0.44619 -0.323528
    outer loop
      vertex 245.239 42.5 1
      vertex 239.61 45.75 -18
      vertex 246.566 44.9816 1
    endloop
  endfacet
  facet normal 0.499723 -0.803486 -0.323554
    outer loop
      vertex 231.89 28.2468 1
      vertex 226.25 32.3901 -18
      vertex 228.278 33.6514 -18
    endloop
  endfacet
  facet normal 0.769125 0.551153 -0.323539
    outer loop
      vertex 243.753 87.8895 1
      vertex 236.957 86.2198 -18
      vertex 242.114 90.1767 1
    endloop
  endfacet
  facet normal -0.885593 0.333253 -0.323524
    outer loop
      vertex 174.278 77.9679 -18
      vertex 167.282 77.8219 1
      vertex 168.273 80.4554 1
    endloop
  endfacet
  facet normal -0.933601 -0.154014 -0.323527
    outer loop
      vertex 165.826 55.6111 1
      vertex 165.368 58.3874 1
      vertex 172.201 56.8792 -18
    endloop
  endfacet
  facet normal 0.0309426 -0.945711 -0.323533
    outer loop
      vertex 210.387 27.5781 -18
      vertex 208 21 1
      vertex 208 27.5 -18
    endloop
  endfacet
  facet normal -0.274638 -0.905486 -0.323526
    outer loop
      vertex 196.871 22.4652 1
      vertex 194.178 23.282 1
      vertex 196.267 29.437 -18
    endloop
  endfacet
  facet normal -0.214902 0.921488 -0.32354
    outer loop
      vertex 200.879 99.7987 -18
      vertex 196.871 105.535 1
      vertex 199.611 106.174 1
    endloop
  endfacet
  facet normal 0.0927791 -0.941656 -0.323536
    outer loop
      vertex 213.613 21.3679 1
      vertex 210.387 27.5781 -18
      vertex 212.764 27.8123 -18
    endloop
  endfacet
  facet normal 0.646885 0.690544 -0.323558
    outer loop
      vertex 233.809 89.8094 -18
      vertex 232.066 91.4422 -18
      vertex 238.406 94.4056 1
    endloop
  endfacet
  facet normal 0.690693 -0.646736 -0.323537
    outer loop
      vertex 238.406 33.5944 1
      vertex 235.442 39.9339 -18
      vertex 240.329 35.6481 1
    endloop
  endfacet
  facet normal 0.214902 -0.92149 -0.323531
    outer loop
      vertex 216.389 21.8262 1
      vertex 215.121 28.2013 -18
      vertex 219.129 22.4652 1
    endloop
  endfacet
  facet normal 0.390432 0.86191 -0.323533
    outer loop
      vertex 227.018 102.566 1
      vertex 221.968 97.7216 -18
      vertex 224.455 103.727 1
    endloop
  endfacet
  facet normal -0.60021 -0.731496 -0.323513
    outer loop
      vertex 182.032 30.1572 0
      vertex 179.971 31.8483 0
      vertex 185.78 35.0426 -18
    endloop
  endfacet
  facet normal -0.941671 0.0927013 -0.323515
    outer loop
      vertex 171.578 66.3872 -18
      vertex 165.368 69.6126 1
      vertex 171.812 68.7642 -18
    endloop
  endfacet
  facet normal 0.905457 -0.274727 -0.323532
    outer loop
      vertex 248.718 50.1781 1
      vertex 242.563 52.2675 -18
      vertex 249.535 52.8708 1
    endloop
  endfacet
  facet normal -0.274618 -0.905491 -0.323528
    outer loop
      vertex 196.871 22.4652 1
      vertex 196.267 29.437 -18
      vertex 198.553 28.7437 -18
    endloop
  endfacet
  facet normal 0.390434 0.861909 -0.323533
    outer loop
      vertex 224.144 96.7359 -18
      vertex 221.968 97.7216 -18
      vertex 227.018 102.566 1
    endloop
  endfacet
  facet normal -0.731478 0.600221 -0.323535
    outer loop
      vertex 179.043 86.2198 -18
      vertex 175.671 92.3519 1
      vertex 180.558 88.0661 -18
    endloop
  endfacet
  facet normal 0.803514 -0.499695 -0.323526
    outer loop
      vertex 243.753 40.1105 1
      vertex 239.61 45.75 -18
      vertex 245.239 42.5 1
    endloop
  endfacet
  facet normal -0.499629 -0.803552 -0.323535
    outer loop
      vertex 186.671 27.0572 0
      vertex 184.407 28.4649 0
      vertex 189.75 32.3901 -18
    endloop
  endfacet
  facet normal -0.600326 0.73139 -0.323538
    outer loop
      vertex 183.934 91.4422 -18
      vertex 179.648 96.3291 1
      vertex 185.78 92.9574 -18
    endloop
  endfacet
  facet normal -0.0927012 0.94167 -0.323517
    outer loop
      vertex 203.236 100.188 -18
      vertex 202.387 106.632 1
      vertex 205.613 100.422 -18
    endloop
  endfacet
  facet normal -0.834476 -0.446058 -0.323546
    outer loop
      vertex 176.39 45.75 -18
      vertex 169.434 44.9816 1
      vertex 175.264 47.8565 -18
    endloop
  endfacet
  facet normal -0.551036 0.769201 -0.323556
    outer loop
      vertex 185.78 92.9574 -18
      vertex 184.11 99.7532 1
      vertex 187.722 94.3486 -18
    endloop
  endfacet
  facet normal -0.154128 -0.93358 -0.323532
    outer loop
      vertex 202.387 21.3679 1
      vertex 199.611 21.8262 1
      vertex 200.879 28.2013 -18
    endloop
  endfacet
  facet normal -0.214902 -0.92149 -0.323531
    outer loop
      vertex 199.611 21.8262 1
      vertex 196.871 22.4652 1
      vertex 200.879 28.2013 -18
    endloop
  endfacet
  facet normal -0.446143 0.834437 -0.32353
    outer loop
      vertex 189.75 95.6099 -18
      vertex 188.982 102.566 1
      vertex 191.856 96.7359 -18
    endloop
  endfacet
  facet normal -0.885615 0.333185 -0.323533
    outer loop
      vertex 173.437 75.7325 -18
      vertex 167.282 77.8219 1
      vertex 174.278 77.9679 -18
    endloop
  endfacet
  facet normal -0.803514 -0.499695 -0.323526
    outer loop
      vertex 172.247 40.1105 1
      vertex 170.761 42.5 1
      vertex 176.39 45.75 -18
    endloop
  endfacet
  facet normal -0.861833 0.39059 -0.323547
    outer loop
      vertex 174.278 77.9679 -18
      vertex 169.434 83.0184 1
      vertex 175.264 80.1435 -18
    endloop
  endfacet
  facet normal -0.921436 -0.215098 -0.323556
    outer loop
      vertex 172.744 54.5531 -18
      vertex 166.465 52.8708 1
      vertex 172.201 56.8792 -18
    endloop
  endfacet
  facet normal -0.333377 -0.885546 -0.323524
    outer loop
      vertex 194.178 23.282 1
      vertex 194.032 30.2784 -18
      vertex 196.267 29.437 -18
    endloop
  endfacet
  facet normal 0.646775 -0.690655 -0.323539
    outer loop
      vertex 236.352 31.6709 1
      vertex 232.066 36.5578 -18
      vertex 238.406 33.5944 1
    endloop
  endfacet
  facet normal 0.0927012 0.94167 -0.323517
    outer loop
      vertex 212.764 100.188 -18
      vertex 210.387 100.422 -18
      vertex 213.613 106.632 1
    endloop
  endfacet
  facet normal -0.600298 0.731415 -0.323534
    outer loop
      vertex 185.78 92.9574 -18
      vertex 179.648 96.3291 1
      vertex 181.823 98.1142 1
    endloop
  endfacet
  facet normal 0.154128 -0.93358 -0.323532
    outer loop
      vertex 216.389 21.8262 1
      vertex 213.613 21.3679 1
      vertex 215.121 28.2013 -18
    endloop
  endfacet
  facet normal 0.333308 0.885569 -0.323533
    outer loop
      vertex 221.968 97.7216 -18
      vertex 221.822 104.718 1
      vertex 224.455 103.727 1
    endloop
  endfacet
  facet normal 0.600326 -0.73139 -0.323538
    outer loop
      vertex 236.352 31.6709 1
      vertex 230.22 35.0426 -18
      vertex 232.066 36.5578 -18
    endloop
  endfacet
  facet normal 0.600298 -0.731415 -0.323534
    outer loop
      vertex 234.177 29.8858 1
      vertex 230.22 35.0426 -18
      vertex 236.352 31.6709 1
    endloop
  endfacet
  facet normal -0.446134 0.834441 -0.323531
    outer loop
      vertex 189.75 95.6099 -18
      vertex 186.5 101.239 1
      vertex 188.982 102.566 1
    endloop
  endfacet
  facet normal -0.499571 0.80359 -0.323531
    outer loop
      vertex 189.75 95.6099 -18
      vertex 184.11 99.7532 1
      vertex 186.5 101.239 1
    endloop
  endfacet
  facet normal -0.502305 -0.801873 -0.323559
    outer loop
      vertex 187.722 33.6514 -18
      vertex 184.407 28.4649 0
      vertex 184.301 28.5313 0
    endloop
  endfacet
  facet normal -0.499724 -0.803488 -0.323549
    outer loop
      vertex 184.407 28.4649 0
      vertex 187.722 33.6514 -18
      vertex 189.75 32.3901 -18
    endloop
  endfacet
  facet normal -0.834476 0.446058 -0.323546
    outer loop
      vertex 175.264 80.1435 -18
      vertex 169.434 83.0184 1
      vertex 176.39 82.25 -18
    endloop
  endfacet
  facet normal 0.690559 -0.646867 -0.32356
    outer loop
      vertex 238.406 33.5944 1
      vertex 233.809 38.1906 -18
      vertex 235.442 39.9339 -18
    endloop
  endfacet
  facet normal -0.768997 0.551349 -0.32351
    outer loop
      vertex 177.651 84.2783 -18
      vertex 172.247 87.8895 1
      vertex 179.043 86.2198 -18
    endloop
  endfacet
  facet normal -0.390434 0.861909 -0.323533
    outer loop
      vertex 191.856 96.7359 -18
      vertex 188.982 102.566 1
      vertex 194.032 97.7216 -18
    endloop
  endfacet
  facet normal -0.646775 0.690655 -0.323539
    outer loop
      vertex 183.934 91.4422 -18
      vertex 177.594 94.4056 1
      vertex 179.648 96.3291 1
    endloop
  endfacet
  facet normal -0.0927875 0.941658 -0.323528
    outer loop
      vertex 205.613 100.422 -18
      vertex 202.387 106.632 1
      vertex 205.188 106.908 1
    endloop
  endfacet
  facet normal -0.933589 0.154106 -0.323515
    outer loop
      vertex 171.812 68.7642 -18
      vertex 165.368 69.6126 1
      vertex 172.201 71.1208 -18
    endloop
  endfacet
  facet normal 0.941671 -0.0927013 -0.323515
    outer loop
      vertex 250.632 58.3874 1
      vertex 244.188 59.2358 -18
      vertex 244.422 61.6128 -18
    endloop
  endfacet
  facet normal 0.646885 -0.690544 -0.323558
    outer loop
      vertex 238.406 33.5944 1
      vertex 232.066 36.5578 -18
      vertex 233.809 38.1906 -18
    endloop
  endfacet
  facet normal -0.0309031 0.945714 -0.323528
    outer loop
      vertex 205.613 100.422 -18
      vertex 205.188 106.908 1
      vertex 208 100.5 -18
    endloop
  endfacet
  facet normal 0.646775 0.690655 -0.323539
    outer loop
      vertex 238.406 94.4056 1
      vertex 232.066 91.4422 -18
      vertex 236.352 96.3291 1
    endloop
  endfacet
  facet normal -0.390404 -0.861926 -0.323526
    outer loop
      vertex 191.676 24.5892 0
      vertex 189.247 25.6894 0
      vertex 194.032 30.2784 -18
    endloop
  endfacet
  facet normal -0.731457 0.600244 -0.323538
    outer loop
      vertex 179.043 86.2198 -18
      vertex 173.886 90.1767 1
      vertex 175.671 92.3519 1
    endloop
  endfacet
  facet normal 0.446143 0.834437 -0.32353
    outer loop
      vertex 226.25 95.6099 -18
      vertex 224.144 96.7359 -18
      vertex 227.018 102.566 1
    endloop
  endfacet
  facet normal -0.646885 0.690544 -0.323558
    outer loop
      vertex 182.191 89.8094 -18
      vertex 177.594 94.4056 1
      vertex 183.934 91.4422 -18
    endloop
  endfacet
  facet normal -0.933601 0.154014 -0.323527
    outer loop
      vertex 172.201 71.1208 -18
      vertex 165.368 69.6126 1
      vertex 165.826 72.3889 1
    endloop
  endfacet
  facet normal 0.499571 0.80359 -0.323531
    outer loop
      vertex 231.89 99.7532 1
      vertex 226.25 95.6099 -18
      vertex 229.5 101.239 1
    endloop
  endfacet
  facet normal -0.861912 0.390433 -0.323526
    outer loop
      vertex 174.278 77.9679 -18
      vertex 168.273 80.4554 1
      vertex 169.434 83.0184 1
    endloop
  endfacet
  facet normal 0.333377 0.885546 -0.323524
    outer loop
      vertex 221.968 97.7216 -18
      vertex 219.733 98.563 -18
      vertex 221.822 104.718 1
    endloop
  endfacet
  facet normal 0.600298 0.731415 -0.323534
    outer loop
      vertex 236.352 96.3291 1
      vertex 230.22 92.9574 -18
      vertex 234.177 98.1142 1
    endloop
  endfacet
  facet normal 0.768997 0.551349 -0.32351
    outer loop
      vertex 238.349 84.2783 -18
      vertex 236.957 86.2198 -18
      vertex 243.753 87.8895 1
    endloop
  endfacet
  facet normal 0.834476 0.446058 -0.323546
    outer loop
      vertex 240.736 80.1435 -18
      vertex 239.61 82.25 -18
      vertex 246.566 83.0184 1
    endloop
  endfacet
  facet normal -0.941656 0.0928104 -0.323528
    outer loop
      vertex 171.578 66.3872 -18
      vertex 165.092 66.8123 1
      vertex 165.368 69.6126 1
    endloop
  endfacet
  facet normal 0.921497 0.21488 -0.323528
    outer loop
      vertex 250.174 72.3889 1
      vertex 243.799 71.1208 -18
      vertex 249.535 75.1292 1
    endloop
  endfacet
  facet normal 0.861833 0.39059 -0.323547
    outer loop
      vertex 241.722 77.9679 -18
      vertex 240.736 80.1435 -18
      vertex 246.566 83.0184 1
    endloop
  endfacet
  facet normal -0.834413 -0.44619 -0.323528
    outer loop
      vertex 170.761 42.5 1
      vertex 169.434 44.9816 1
      vertex 176.39 45.75 -18
    endloop
  endfacet
  facet normal -0.803585 -0.499591 -0.323511
    outer loop
      vertex 177.651 43.7217 -18
      vertex 172.247 40.1105 1
      vertex 176.39 45.75 -18
    endloop
  endfacet
  facet normal -0.945712 0.0309004 -0.323533
    outer loop
      vertex 171.5 64 -18
      vertex 165 64 1
      vertex 171.578 66.3872 -18
    endloop
  endfacet
  facet normal 0.933601 0.154014 -0.323527
    outer loop
      vertex 250.632 69.6126 1
      vertex 243.799 71.1208 -18
      vertex 250.174 72.3889 1
    endloop
  endfacet
  facet normal -0.2747 0.905467 -0.323526
    outer loop
      vertex 196.267 98.563 -18
      vertex 194.178 104.718 1
      vertex 196.871 105.535 1
    endloop
  endfacet
  facet normal -0.601146 -0.730717 -0.323536
    outer loop
      vertex 183.934 36.5578 -18
      vertex 179.971 31.8483 0
      vertex 179.874 31.9281 0
    endloop
  endfacet
  facet normal -0.600327 -0.731392 -0.323533
    outer loop
      vertex 179.971 31.8483 0
      vertex 183.934 36.5578 -18
      vertex 185.78 35.0426 -18
    endloop
  endfacet
  facet normal 0.551185 0.769104 -0.323534
    outer loop
      vertex 234.177 98.1142 1
      vertex 230.22 92.9574 -18
      vertex 231.89 99.7532 1
    endloop
  endfacet
  facet normal 0.690693 0.646736 -0.323537
    outer loop
      vertex 240.329 92.3519 1
      vertex 235.442 88.0661 -18
      vertex 238.406 94.4056 1
    endloop
  endfacet
  facet normal 0.600326 0.73139 -0.323538
    outer loop
      vertex 232.066 91.4422 -18
      vertex 230.22 92.9574 -18
      vertex 236.352 96.3291 1
    endloop
  endfacet
  facet normal -0.548044 -0.771155 -0.323988
    outer loop
      vertex 185.78 35.0426 -18
      vertex 184.301 28.5313 0
      vertex 184.198 28.6045 0
    endloop
  endfacet
  facet normal -0.551042 -0.769208 -0.32353
    outer loop
      vertex 184.301 28.5313 0
      vertex 185.78 35.0426 -18
      vertex 187.722 33.6514 -18
    endloop
  endfacet
  facet normal 0.551036 0.769201 -0.323556
    outer loop
      vertex 230.22 92.9574 -18
      vertex 228.278 94.3486 -18
      vertex 231.89 99.7532 1
    endloop
  endfacet
  facet normal 0.0309031 0.945714 -0.323528
    outer loop
      vertex 210.387 100.422 -18
      vertex 208 100.5 -18
      vertex 210.812 106.908 1
    endloop
  endfacet
  facet normal -0.333324 -0.885546 -0.323579
    outer loop
      vertex 194 23.7144 0
      vertex 194.178 23.282 1
      vertex 194 23.349 1
    endloop
  endfacet
  facet normal -0.333611 -0.885469 -0.323494
    outer loop
      vertex 194.178 23.282 1
      vertex 194 23.7144 0
      vertex 194.032 30.2784 -18
    endloop
  endfacet
  facet normal -0.333342 -0.885559 -0.323526
    outer loop
      vertex 191.676 24.5892 0
      vertex 194.032 30.2784 -18
      vertex 194 23.7144 0
    endloop
  endfacet
  facet normal -0.392059 -0.86117 -0.323536
    outer loop
      vertex 191.856 31.2641 -18
      vertex 189.247 25.6894 0
      vertex 189.133 25.7413 0
    endloop
  endfacet
  facet normal -0.390434 -0.86191 -0.32353
    outer loop
      vertex 189.247 25.6894 0
      vertex 191.856 31.2641 -18
      vertex 194.032 30.2784 -18
    endloop
  endfacet
  facet normal -0.945712 -0.0309004 -0.323533
    outer loop
      vertex 171.578 61.6128 -18
      vertex 165 64 1
      vertex 171.5 64 -18
    endloop
  endfacet
  facet normal -0.768997 -0.551349 -0.32351
    outer loop
      vertex 179.043 41.7802 -18
      vertex 172.247 40.1105 1
      vertex 177.651 43.7217 -18
    endloop
  endfacet
  facet normal 0.933589 0.154106 -0.323515
    outer loop
      vertex 244.188 68.7642 -18
      vertex 243.799 71.1208 -18
      vertex 250.632 69.6126 1
    endloop
  endfacet
  facet normal 0.941671 0.0927013 -0.323515
    outer loop
      vertex 244.422 66.3872 -18
      vertex 244.188 68.7642 -18
      vertex 250.632 69.6126 1
    endloop
  endfacet
  facet normal -0.154196 0.933573 -0.323519
    outer loop
      vertex 203.236 100.188 -18
      vertex 200.879 99.7987 -18
      vertex 202.387 106.632 1
    endloop
  endfacet
  facet normal 0 0 1
    outer loop
      vertex 194 34 1
      vertex 251 64 1
      vertex 250.908 66.8123 1
    endloop
  endfacet
  facet normal 0 0 1
    outer loop
      vertex 194 34 1
      vertex 250.908 66.8123 1
      vertex 250.632 69.6126 1
    endloop
  endfacet
  facet normal 0 0 1
    outer loop
      vertex 251 64 1
      vertex 194 34 1
      vertex 250.908 61.1877 1
    endloop
  endfacet
  facet normal 0 0 1
    outer loop
      vertex 194 34 1
      vertex 250.632 69.6126 1
      vertex 250.174 72.3889 1
    endloop
  endfacet
  facet normal 0 0 1
    outer loop
      vertex 250.908 61.1877 1
      vertex 194 34 1
      vertex 250.632 58.3874 1
    endloop
  endfacet
  facet normal 0 0 1
    outer loop
      vertex 194 34 1
      vertex 250.174 72.3889 1
      vertex 249.535 75.1292 1
    endloop
  endfacet
  facet normal 0 0 1
    outer loop
      vertex 250.632 58.3874 1
      vertex 194 34 1
      vertex 250.174 55.6111 1
    endloop
  endfacet
  facet normal 0 0 1
    outer loop
      vertex 194 34 1
      vertex 249.535 75.1292 1
      vertex 248.718 77.8219 1
    endloop
  endfacet
  facet normal 0 0 1
    outer loop
      vertex 250.174 55.6111 1
      vertex 194 34 1
      vertex 249.535 52.8708 1
    endloop
  endfacet
  facet normal 0 0 1
    outer loop
      vertex 194 34 1
      vertex 248.718 77.8219 1
      vertex 247.727 80.4554 1
    endloop
  endfacet
  facet normal 0 0 1
    outer loop
      vertex 249.535 52.8708 1
      vertex 194 34 1
      vertex 248.718 50.1781 1
    endloop
  endfacet
  facet normal 0 0 1
    outer loop
      vertex 194 34 1
      vertex 247.727 80.4554 1
      vertex 246.566 83.0184 1
    endloop
  endfacet
  facet normal 0 0 1
    outer loop
      vertex 248.718 50.1781 1
      vertex 194 34 1
      vertex 247.727 47.5446 1
    endloop
  endfacet
  facet normal 0 0 1
    outer loop
      vertex 194 34 1
      vertex 246.566 83.0184 1
      vertex 245.239 85.5 1
    endloop
  endfacet
  facet normal 0 0 1
    outer loop
      vertex 247.727 47.5446 1
      vertex 194 34 1
      vertex 246.566 44.9816 1
    endloop
  endfacet
  facet normal 0 0 1
    outer loop
      vertex 194 34 1
      vertex 245.239 85.5 1
      vertex 243.753 87.8895 1
    endloop
  endfacet
  facet normal 0 0 1
    outer loop
      vertex 246.566 44.9816 1
      vertex 194 34 1
      vertex 245.239 42.5 1
    endloop
  endfacet
  facet normal 0 0 1
    outer loop
      vertex 194 34 1
      vertex 243.753 87.8895 1
      vertex 242.114 90.1767 1
    endloop
  endfacet
  facet normal 0 0 1
    outer loop
      vertex 245.239 42.5 1
      vertex 194 34 1
      vertex 243.753 40.1105 1
    endloop
  endfacet
  facet normal 0 0 1
    outer loop
      vertex 194 34 1
      vertex 242.114 90.1767 1
      vertex 240.329 92.3519 1
    endloop
  endfacet
  facet normal 0 0 1
    outer loop
      vertex 243.753 40.1105 1
      vertex 194 34 1
      vertex 242.114 37.8233 1
    endloop
  endfacet
  facet normal 0 0 1
    outer loop
      vertex 194 34 1
      vertex 240.329 92.3519 1
      vertex 238.406 94.4056 1
    endloop
  endfacet
  facet normal 0 0 1
    outer loop
      vertex 242.114 37.8233 1
      vertex 194 34 1
      vertex 240.329 35.6481 1
    endloop
  endfacet
  facet normal 0 0 1
    outer loop
      vertex 194 34 1
      vertex 238.406 94.4056 1
      vertex 236.352 96.3291 1
    endloop
  endfacet
  facet normal 0 0 1
    outer loop
      vertex 240.329 35.6481 1
      vertex 194 34 1
      vertex 238.406 33.5944 1
    endloop
  endfacet
  facet normal 0 0 1
    outer loop
      vertex 194 34 1
      vertex 236.352 96.3291 1
      vertex 234.177 98.1142 1
    endloop
  endfacet
  facet normal 0 0 1
    outer loop
      vertex 238.406 33.5944 1
      vertex 194 34 1
      vertex 236.352 31.6709 1
    endloop
  endfacet
  facet normal 0 0 1
    outer loop
      vertex 194 34 1
      vertex 234.177 98.1142 1
      vertex 231.89 99.7532 1
    endloop
  endfacet
  facet normal 0 0 1
    outer loop
      vertex 236.352 31.6709 1
      vertex 194 34 1
      vertex 234.177 29.8858 1
    endloop
  endfacet
  facet normal 0 0 1
    outer loop
      vertex 194 34 1
      vertex 231.89 99.7532 1
      vertex 229.5 101.239 1
    endloop
  endfacet
  facet normal 0 0 1
    outer loop
      vertex 234.177 29.8858 1
      vertex 194 34 1
      vertex 231.89 28.2468 1
    endloop
  endfacet
  facet normal 0 0 1
    outer loop
      vertex 194 34 1
      vertex 229.5 101.239 1
      vertex 227.018 102.566 1
    endloop
  endfacet
  facet normal 0 0 1
    outer loop
      vertex 231.89 28.2468 1
      vertex 194 34 1
      vertex 229.5 26.7609 1
    endloop
  endfacet
  facet normal 0 0 1
    outer loop
      vertex 194 34 1
      vertex 227.018 102.566 1
      vertex 224.455 103.727 1
    endloop
  endfacet
  facet normal 0 0 1
    outer loop
      vertex 229.5 26.7609 1
      vertex 194 34 1
      vertex 227.018 25.4345 1
    endloop
  endfacet
  facet normal 0 0 1
    outer loop
      vertex 194 34 1
      vertex 224.455 103.727 1
      vertex 221.822 104.718 1
    endloop
  endfacet
  facet normal 0 0 1
    outer loop
      vertex 227.018 25.4345 1
      vertex 194 34 1
      vertex 224.455 24.2732 1
    endloop
  endfacet
  facet normal 0 0 1
    outer loop
      vertex 194 34 1
      vertex 221.822 104.718 1
      vertex 219.129 105.535 1
    endloop
  endfacet
  facet normal 0 0 1
    outer loop
      vertex 224.455 24.2732 1
      vertex 194 34 1
      vertex 221.822 23.282 1
    endloop
  endfacet
  facet normal 0 0 1
    outer loop
      vertex 194 34 1
      vertex 219.129 105.535 1
      vertex 216.389 106.174 1
    endloop
  endfacet
  facet normal 0 0 1
    outer loop
      vertex 221.822 23.282 1
      vertex 194 34 1
      vertex 219.129 22.4652 1
    endloop
  endfacet
  facet normal 0 0 1
    outer loop
      vertex 194 34 1
      vertex 216.389 106.174 1
      vertex 213.613 106.632 1
    endloop
  endfacet
  facet normal 0 0 1
    outer loop
      vertex 219.129 22.4652 1
      vertex 194 34 1
      vertex 216.389 21.8262 1
    endloop
  endfacet
  facet normal 0 0 1
    outer loop
      vertex 194 34 1
      vertex 213.613 106.632 1
      vertex 210.812 106.908 1
    endloop
  endfacet
  facet normal 0 0 1
    outer loop
      vertex 216.389 21.8262 1
      vertex 194 34 1
      vertex 213.613 21.3679 1
    endloop
  endfacet
  facet normal 0 0 1
    outer loop
      vertex 194 34 1
      vertex 210.812 106.908 1
      vertex 208 107 1
    endloop
  endfacet
  facet normal 0 0 1
    outer loop
      vertex 213.613 21.3679 1
      vertex 194 34 1
      vertex 210.812 21.0921 1
    endloop
  endfacet
  facet normal 0 0 1
    outer loop
      vertex 194 34 1
      vertex 208 107 1
      vertex 205.188 106.908 1
    endloop
  endfacet
  facet normal 0 0 1
    outer loop
      vertex 210.812 21.0921 1
      vertex 194 34 1
      vertex 208 21 1
    endloop
  endfacet
  facet normal 0 0 1
    outer loop
      vertex 194 34 1
      vertex 205.188 106.908 1
      vertex 202.387 106.632 1
    endloop
  endfacet
  facet normal 0 0 1
    outer loop
      vertex 208 21 1
      vertex 194 34 1
      vertex 205.188 21.0921 1
    endloop
  endfacet
  facet normal 0 0 1
    outer loop
      vertex 194 34 1
      vertex 202.387 106.632 1
      vertex 199.611 106.174 1
    endloop
  endfacet
  facet normal 0 0 1
    outer loop
      vertex 205.188 21.0921 1
      vertex 194 34 1
      vertex 202.387 21.3679 1
    endloop
  endfacet
  facet normal 0 0 1
    outer loop
      vertex 194 34 1
      vertex 199.611 106.174 1
      vertex 196.871 105.535 1
    endloop
  endfacet
  facet normal 0 0 1
    outer loop
      vertex 202.387 21.3679 1
      vertex 194 34 1
      vertex 199.611 21.8262 1
    endloop
  endfacet
  facet normal 0 0 1
    outer loop
      vertex 194 34 1
      vertex 196.871 105.535 1
      vertex 194.178 104.718 1
    endloop
  endfacet
  facet normal 0 0 1
    outer loop
      vertex 199.611 21.8262 1
      vertex 194 34 1
      vertex 196.871 22.4652 1
    endloop
  endfacet
  facet normal 0 0 1
    outer loop
      vertex 196.871 22.4652 1
      vertex 194 34 1
      vertex 194.178 23.282 1
    endloop
  endfacet
  facet normal -0 0 1
    outer loop
      vertex 191.545 103.727 1
      vertex 194 34 1
      vertex 194.178 104.718 1
    endloop
  endfacet
  facet normal -0 0 1
    outer loop
      vertex 188.982 102.566 1
      vertex 194 34 1
      vertex 191.545 103.727 1
    endloop
  endfacet
  facet normal -0 0 1
    outer loop
      vertex 186.5 101.239 1
      vertex 194 34 1
      vertex 188.982 102.566 1
    endloop
  endfacet
  facet normal -0 0 1
    outer loop
      vertex 184.11 99.7532 1
      vertex 194 34 1
      vertex 186.5 101.239 1
    endloop
  endfacet
  facet normal -0 0 1
    outer loop
      vertex 181.823 98.1142 1
      vertex 194 34 1
      vertex 184.11 99.7532 1
    endloop
  endfacet
  facet normal -0 0 1
    outer loop
      vertex 179.648 96.3291 1
      vertex 194 34 1
      vertex 181.823 98.1142 1
    endloop
  endfacet
  facet normal -0 0 1
    outer loop
      vertex 177.594 94.4056 1
      vertex 194 34 1
      vertex 179.648 96.3291 1
    endloop
  endfacet
  facet normal -0 0 1
    outer loop
      vertex 175.671 92.3519 1
      vertex 194 34 1
      vertex 177.594 94.4056 1
    endloop
  endfacet
  facet normal -0 0 1
    outer loop
      vertex 173.886 90.1767 1
      vertex 194 34 1
      vertex 175.671 92.3519 1
    endloop
  endfacet
  facet normal 0 0 1
    outer loop
      vertex 194 34 1
      vertex 175.671 35.6481 1
      vertex 177.215 34 1
    endloop
  endfacet
  facet normal -0 0 1
    outer loop
      vertex 172.247 87.8895 1
      vertex 194 34 1
      vertex 173.886 90.1767 1
    endloop
  endfacet
  facet normal 0 0 1
    outer loop
      vertex 194 34 1
      vertex 173.886 37.8233 1
      vertex 175.671 35.6481 1
    endloop
  endfacet
  facet normal -0 0 1
    outer loop
      vertex 170.761 85.5 1
      vertex 194 34 1
      vertex 172.247 87.8895 1
    endloop
  endfacet
  facet normal 0 0 1
    outer loop
      vertex 194 34 1
      vertex 172.247 40.1105 1
      vertex 173.886 37.8233 1
    endloop
  endfacet
  facet normal -0 0 1
    outer loop
      vertex 169.434 83.0184 1
      vertex 194 34 1
      vertex 170.761 85.5 1
    endloop
  endfacet
  facet normal 0 0 1
    outer loop
      vertex 194 34 1
      vertex 170.761 42.5 1
      vertex 172.247 40.1105 1
    endloop
  endfacet
  facet normal -0 0 1
    outer loop
      vertex 168.273 80.4554 1
      vertex 194 34 1
      vertex 169.434 83.0184 1
    endloop
  endfacet
  facet normal 0 0 1
    outer loop
      vertex 194 34 1
      vertex 169.434 44.9816 1
      vertex 170.761 42.5 1
    endloop
  endfacet
  facet normal -0 0 1
    outer loop
      vertex 167.282 77.8219 1
      vertex 194 34 1
      vertex 168.273 80.4554 1
    endloop
  endfacet
  facet normal 0 0 1
    outer loop
      vertex 194 34 1
      vertex 168.273 47.5446 1
      vertex 169.434 44.9816 1
    endloop
  endfacet
  facet normal -0 0 1
    outer loop
      vertex 166.465 75.1292 1
      vertex 194 34 1
      vertex 167.282 77.8219 1
    endloop
  endfacet
  facet normal 0 0 1
    outer loop
      vertex 194 34 1
      vertex 167.282 50.1781 1
      vertex 168.273 47.5446 1
    endloop
  endfacet
  facet normal -0 0 1
    outer loop
      vertex 165.826 72.3889 1
      vertex 194 34 1
      vertex 166.465 75.1292 1
    endloop
  endfacet
  facet normal 0 0 1
    outer loop
      vertex 194 34 1
      vertex 166.465 52.8708 1
      vertex 167.282 50.1781 1
    endloop
  endfacet
  facet normal -0 0 1
    outer loop
      vertex 165.368 69.6126 1
      vertex 194 34 1
      vertex 165.826 72.3889 1
    endloop
  endfacet
  facet normal 0 0 1
    outer loop
      vertex 194 34 1
      vertex 165.826 55.6111 1
      vertex 166.465 52.8708 1
    endloop
  endfacet
  facet normal -0 0 1
    outer loop
      vertex 165.092 66.8123 1
      vertex 194 34 1
      vertex 165.368 69.6126 1
    endloop
  endfacet
  facet normal 0 0 1
    outer loop
      vertex 194 34 1
      vertex 165.368 58.3874 1
      vertex 165.826 55.6111 1
    endloop
  endfacet
  facet normal -0 0 1
    outer loop
      vertex 165 64 1
      vertex 194 34 1
      vertex 165.092 66.8123 1
    endloop
  endfacet
  facet normal 0 0 1
    outer loop
      vertex 194 34 1
      vertex 165.092 61.1877 1
      vertex 165.368 58.3874 1
    endloop
  endfacet
  facet normal 0 0 1
    outer loop
      vertex 194 34 1
      vertex 165 64 1
      vertex 165.092 61.1877 1
    endloop
  endfacet
  facet normal 0 0 1
    outer loop
      vertex 194.178 23.282 1
      vertex 194 34 1
      vertex 194 23.349 1
    endloop
  endfacet
endsolid OpenSCAD_Model
